height,txid,payload_idx,ringsize,ring_pos,account
7440167,cb76b62d1a4c2874e55ee0fb5addd7bd35896a5426cfe3cd8b9ced65cbe223a6,0,16,0,dero1qy5yujef99she0v5mpd984calqs444369tywg8jn2q6uja00vpuezqqama4fn
7440167,cb76b62d1a4c2874e55ee0fb5addd7bd35896a5426cfe3cd8b9ced65cbe223a6,0,16,1,dero1qy46snlslqrttgq2qypcqdpkeuuweudczerm39j4yzjurc6a7t5fyqqrxjem5
7440167,cb76b62d1a4c2874e55ee0fb5addd7bd35896a5426cfe3cd8b9ced65cbe223a6,0,16,2,dero1qyy0yr693t20mglz0vhhpyz8w3xxne2c29nzjk6fxyq0hywehcflqqqpxm7gm
7440167,cb76b62d1a4c2874e55ee0fb5addd7bd35896a5426cfe3cd8b9ced65cbe223a6,0,16,3,dero1qywn3a0zwcr6fpnj35g950j0njs809cfvcv9wr2860q385xldvsv7qqjrslwf
7440167,cb76b62d1a4c2874e55ee0fb5addd7bd35896a5426cfe3cd8b9ced65cbe223a6,0,16,4,dero1qyf3t6mh2szrnx0jnxkpjkdehkp07u4pc42ltxd77qatkw5fv48jsqqsg9dsk
7440167,cb76b62d1a4c2874e55ee0fb5addd7bd35896a5426cfe3cd8b9ced65cbe223a6,0,16,5,dero1qyrwa8watsvdt577zshqt4cgpjdn7kelfk4t95kav43gxkmd5j6uwqqz7rfzj
7440167,cb76b62d1a4c2874e55ee0fb5addd7bd35896a5426cfe3cd8b9ced65cbe223a6,0,16,6,dero1qywnnqcjtmej9xj8mkht54utxg6tguzwrjed4c4hjufjkwnqac32sqgsff3zd
7440167,cb76b62d1a4c2874e55ee0fb5addd7bd35896a5426cfe3cd8b9ced65cbe223a6,0,16,7,dero1qyrt547ydu5xl2wq2jpct9wv2ujeapurczv66rdh39w70n3m82kfuqqt40ph7
7440167,cb76b62d1a4c2874e55ee0fb5addd7bd35896a5426cfe3cd8b9ced65cbe223a6,0,16,8,dero1qykxcz2hugkaxuxtgvu94azgzllqu9rcfzw05spc2q8kak278n5x5qqv5ryrl
7440167,cb76b62d1a4c2874e55ee0fb5addd7bd35896a5426cfe3cd8b9ced65cbe223a6,0,16,9,dero1qystfe5zuunfxm9lec2p8ggw3x2sdynuw6fhw6g0h9v26ttfex3pkqgp4f4vl
7440167,cb76b62d1a4c2874e55ee0fb5addd7bd35896a5426cfe3cd8b9ced65cbe223a6,0,16,10,dero1qy9p4m82vz4unfut0jj37nhte7v6ymq6vpeel5wtj9gkstghxu6tjqgkd55ty
7440167,cb76b62d1a4c2874e55ee0fb5addd7bd35896a5426cfe3cd8b9ced65cbe223a6,0,16,11,dero1qy5pfpwx0n5747dd8wu2w78jp8wzq4486rvwz6s3ywqck6djrzq96qg7ag905
7440167,cb76b62d1a4c2874e55ee0fb5addd7bd35896a5426cfe3cd8b9ced65cbe223a6,0,16,12,dero1qy2huqj8szz37zgax3lpk63xgel6e4wpprg7h63zdwvjmdmudg7ayqgypkgp0
7440167,cb76b62d1a4c2874e55ee0fb5addd7bd35896a5426cfe3cd8b9ced65cbe223a6,0,16,13,dero1qyp86zcpkfh22kn36a5dpw44x2aftk8vy45hz723z5efyrmn4y8zcqqfydjps
7440167,cb76b62d1a4c2874e55ee0fb5addd7bd35896a5426cfe3cd8b9ced65cbe223a6,0,16,14,dero1qypllw0yzcawjzg63fqa3e6shgej2rp4ewhweqlmh3lgpnwwzy92yqgxa5h34
7440167,cb76b62d1a4c2874e55ee0fb5addd7bd35896a5426cfe3cd8b9ced65cbe223a6,0,16,15,dero1qygr2557gvkha2f0kkla90nj89y5jkvjj2h94xyyskk9vpzuxzhnkqqyluzze
7440229,ad853c752ea5d7126d57561b22512e3f34d6fda043f01d4597fa34f780246996,0,2,0,dero1qydg6mremr54j5rgy6w72rzkyed979vavnvnpd3xu89450q8yechkqgp793xm
7440229,ad853c752ea5d7126d57561b22512e3f34d6fda043f01d4597fa34f780246996,0,2,1,dero1qyj5qpmel4wtvwykz6ygd37gnhwwvcu6k2gfyfu6fa7cltywjyrjqqq3mcd40
7440232,a406169dac49c7627d40b6259a1c88f5e9cff7e5972bfdfb81a4f2e18214ad10,0,2,0,dero1qyycvp2mxd34vv3zn5qjc78hpkdxtzujl4d9sgsjuh25f0egmrg2vqgxng2am
7440232,a406169dac49c7627d40b6259a1c88f5e9cff7e5972bfdfb81a4f2e18214ad10,0,2,1,dero1qyn79hvatlv89wtfcjnsmk7z2w34l0r66uvdjfmzjd8szv7lc00t5qg83mn2z
7440312,03610a35ac0d10277d98f449c697e2eddeb4cbf86c3fadf04f7c39a4da276772,0,2,0,dero1qyfhldvt6get65nxeqml3rhv2exyannnrp6gp886qfcgeg2n8jquvqgyxttq5
7440312,03610a35ac0d10277d98f449c697e2eddeb4cbf86c3fadf04f7c39a4da276772,0,2,1,dero1qyqxgz6rm6xpgnu5vh593szpu9uhfkrtfw2r4kv9jhrmuuvm9f6zvqgn9mzna
7440312,03610a35ac0d10277d98f449c697e2eddeb4cbf86c3fadf04f7c39a4da276772,1,2,0,dero1qyqxgz6rm6xpgnu5vh593szpu9uhfkrtfw2r4kv9jhrmuuvm9f6zvqgn9mzna
7440312,03610a35ac0d10277d98f449c697e2eddeb4cbf86c3fadf04f7c39a4da276772,1,2,1,dero1qyqu2g0frwwredt9l6eje7q8tyzr0huwq5dk4j9dvq3zey3antl8yqga6ce73
7440312,03610a35ac0d10277d98f449c697e2eddeb4cbf86c3fadf04f7c39a4da276772,2,2,0,dero1qyx2p7x29cdtxdd9qhkhddkztxyzkgmvasxpqwk4chkxhqktwfql6qq06k5q9
7440312,03610a35ac0d10277d98f449c697e2eddeb4cbf86c3fadf04f7c39a4da276772,2,2,1,dero1qyqxgz6rm6xpgnu5vh593szpu9uhfkrtfw2r4kv9jhrmuuvm9f6zvqgn9mzna
7440315,116fde558d24b09dfd6ce32c842072a7b6337a671bd23baa0cf41af94b99b5c1,0,2,0,dero1qydkj6dznyk5njmzr96hjcr5uj74anqqqv90mg39mtzm4d2dcpwsqqqk6zvve
7440315,116fde558d24b09dfd6ce32c842072a7b6337a671bd23baa0cf41af94b99b5c1,0,2,1,dero1qyqxgz6rm6xpgnu5vh593szpu9uhfkrtfw2r4kv9jhrmuuvm9f6zvqgn9mzna
7440315,116fde558d24b09dfd6ce32c842072a7b6337a671bd23baa0cf41af94b99b5c1,1,2,0,dero1qy07h9mk6xxf2k4x0ymdpezvksjy0talskhpvqmat3xk3d9wczg5jqqvwl0sn
7440315,116fde558d24b09dfd6ce32c842072a7b6337a671bd23baa0cf41af94b99b5c1,1,2,1,dero1qyqxgz6rm6xpgnu5vh593szpu9uhfkrtfw2r4kv9jhrmuuvm9f6zvqgn9mzna
7440315,116fde558d24b09dfd6ce32c842072a7b6337a671bd23baa0cf41af94b99b5c1,2,2,0,dero1qyqxgz6rm6xpgnu5vh593szpu9uhfkrtfw2r4kv9jhrmuuvm9f6zvqgn9mzna
7440315,116fde558d24b09dfd6ce32c842072a7b6337a671bd23baa0cf41af94b99b5c1,2,2,1,dero1qyxd3vcmsstpgmtvqcj2tqg96qyfx0y2cc37el4wq2yl365jgdfscqq63aq7p
7440343,0e7bf3d69af8b91bd243589812c405df008897b6dd0c4c6aa4433ae2476062cc,0,16,0,dero1qytnqlhxpk2czl657kp382c5mm2e34j2czlw5536hdj82q555y0lgqqdg9csx
7440343,0e7bf3d69af8b91bd243589812c405df008897b6dd0c4c6aa4433ae2476062cc,0,16,1,dero1qyf2e89gafdtga30l87shvmf3vh4stttdly9xhv849gfuklj9j09jqqj2zvfs
7440343,0e7bf3d69af8b91bd243589812c405df008897b6dd0c4c6aa4433ae2476062cc,0,16,2,dero1qyzp6cyd6ha3h877ynxyc8x39yqld7kty6f2t7l7gytl34vgfh0fyqgtk7qu8
7440343,0e7bf3d69af8b91bd243589812c405df008897b6dd0c4c6aa4433ae2476062cc,0,16,3,dero1qyxv7srpaaau9szzdtmkj3jmx7v40pf7wrs7h5ygvvxec0alexw0zqgqnwwkk
7440343,0e7bf3d69af8b91bd243589812c405df008897b6dd0c4c6aa4433ae2476062cc,0,16,4,dero1qyf5sft4plak7rv5athqmj2980xk3h5c7gwn4wfe52m7nm0arfrpqqgkgtm9q
7440343,0e7bf3d69af8b91bd243589812c405df008897b6dd0c4c6aa4433ae2476062cc,0,16,5,dero1qy2huqj8szz37zgax3lpk63xgel6e4wpprg7h63zdwvjmdmudg7ayqgypkgp0
7440343,0e7bf3d69af8b91bd243589812c405df008897b6dd0c4c6aa4433ae2476062cc,0,16,6,dero1qyjd6ql2smhq5kn233zlgm4n4tz0r7dzwrazzywzpxxz7vgyjew5sqg8nx7rh
7440343,0e7bf3d69af8b91bd243589812c405df008897b6dd0c4c6aa4433ae2476062cc,0,16,7,dero1qyg24m233z7u60xjh26mjalyw4v8aghug60fkr0e426yc9mfr2aacqq8a2ax9
7440343,0e7bf3d69af8b91bd243589812c405df008897b6dd0c4c6aa4433ae2476062cc,0,16,8,dero1qy5s57gy40qaw8c2nzl53400n96eqa9d7zfnlzchknw5k6wqc7cegqq6zslzy
7440343,0e7bf3d69af8b91bd243589812c405df008897b6dd0c4c6aa4433ae2476062cc,0,16,9,dero1qyps9c3num9lwn239rga80t7nmukt3rqcq4ezu3urkgg6fpuydhsxqg8zhzrr
7440343,0e7bf3d69af8b91bd243589812c405df008897b6dd0c4c6aa4433ae2476062cc,0,16,10,dero1qyrt547ydu5xl2wq2jpct9wv2ujeapurczv66rdh39w70n3m82kfuqqt40ph7
7440343,0e7bf3d69af8b91bd243589812c405df008897b6dd0c4c6aa4433ae2476062cc,0,16,11,dero1qyylruwvdzdg4nyxyrdgcs98qymcj3wm0wgvntrtpjgr87dhrmsw5qqul4ynp
7440343,0e7bf3d69af8b91bd243589812c405df008897b6dd0c4c6aa4433ae2476062cc,0,16,12,dero1qywsl8jfe0k6mqedlmash5lztvjfpv30q4wh8z6kj5est6q30rq0yqg90ndwh
7440343,0e7bf3d69af8b91bd243589812c405df008897b6dd0c4c6aa4433ae2476062cc,0,16,13,dero1qyd0tmsg76zluympmjadv3dgpphwzxn9qe7ccyd6fkwq9vy75vz0gqq6g6egd
7440343,0e7bf3d69af8b91bd243589812c405df008897b6dd0c4c6aa4433ae2476062cc,0,16,14,dero1qyxwavye86z8qy0l3uhkapddh296q3686u88h7fkqjjdspcnqzd3vqqylh7ky
7440343,0e7bf3d69af8b91bd243589812c405df008897b6dd0c4c6aa4433ae2476062cc,0,16,15,dero1qy5ngd6kcr3hh38a5tx770qm9jp263kc40whmyvk37svenjvty4puqgujpacu
7440359,88730508b5ce5904d202bb2c93e8e597c39b9fd11a208d43289a5216ebda6b64,0,32,0,dero1qysgmycps7l80hzdg9jjy6c6f8hkcxhg0dqdweajv2ge4c9v07mg7qqhpq52c
7440359,88730508b5ce5904d202bb2c93e8e597c39b9fd11a208d43289a5216ebda6b64,0,32,1,dero1qyrpwtqe4y7zvmy4gtlvxq8evm5t3stsxx26f33p0dpyqt29hwfrxqqexg6gv
7440359,88730508b5ce5904d202bb2c93e8e597c39b9fd11a208d43289a5216ebda6b64,0,32,2,dero1qys9r8jprl0lmuhhclvrehth3ytq56fxgrxev06gka8zj0znqdk8qqgdjdfec
7440359,88730508b5ce5904d202bb2c93e8e597c39b9fd11a208d43289a5216ebda6b64,0,32,3,dero1qyvedtquurxrddxl8hkahnjqxjp6lhx6xlgxnhqpvvvmc236ylndkqqhpfppg
7440359,88730508b5ce5904d202bb2c93e8e597c39b9fd11a208d43289a5216ebda6b64,0,32,4,dero1qy8es8lh2gats9xp2k04jgnqtkm4cy42fpdwp7zld5qkevccpcvvcqqj778d9
7440359,88730508b5ce5904d202bb2c93e8e597c39b9fd11a208d43289a5216ebda6b64,0,32,5,dero1qysf3f2qwj3r8k7q55qw6frcc6e57n4tj8pcdxwjz869gd49t6hkuqqq6dhx9
7440359,88730508b5ce5904d202bb2c93e8e597c39b9fd11a208d43289a5216ebda6b64,0,32,6,dero1qyrnd3s6nxfmfc80yh50rxkvxsrlwp2xsvftv6gy3ymugzj3xjv7uqqkmzxg4
7440359,88730508b5ce5904d202bb2c93e8e597c39b9fd11a208d43289a5216ebda6b64,0,32,7,dero1qy06c6ghqamdqcs6dprslxduu5k5ppmp2x2pje05rl8a3fsstc6xuqgnd4j4y
7440359,88730508b5ce5904d202bb2c93e8e597c39b9fd11a208d43289a5216ebda6b64,0,32,8,dero1qyz4lc4afhelpvpdusmu0duwlg7vev4pplke0qeqa09z77py6840xqqfw04eu
7440359,88730508b5ce5904d202bb2c93e8e597c39b9fd11a208d43289a5216ebda6b64,0,32,9,dero1qydxgefh7gcucjapfgamv0u40c2hjww44lcwgtvx88y067vxxvuk6qqtee2cf
7440359,88730508b5ce5904d202bb2c93e8e597c39b9fd11a208d43289a5216ebda6b64,0,32,10,dero1qy0q74rtqjvrkpp4086zaygktd7mxr4xdyjqvtcxv8kgkjudwf9gvqqt2wzec
7440359,88730508b5ce5904d202bb2c93e8e597c39b9fd11a208d43289a5216ebda6b64,0,32,11,dero1qytlul57450hkmlm9auy9szymusukv2ar76x8fme853gk66jh6u5gqqkfauym
7440359,88730508b5ce5904d202bb2c93e8e597c39b9fd11a208d43289a5216ebda6b64,0,32,12,dero1qytaameulgpqr77ch0q2w279vrxmypt7ttq95gyrece4y0sc3zeygqqqrccza
7440359,88730508b5ce5904d202bb2c93e8e597c39b9fd11a208d43289a5216ebda6b64,0,32,13,dero1qypf6hygyaphguqfpgc6a4ze4amttlalza62j6nrmrp9u7hggd4fgqgpfj3sj
7440359,88730508b5ce5904d202bb2c93e8e597c39b9fd11a208d43289a5216ebda6b64,0,32,14,dero1qyknggwc3pq4sg28avqhlwuthhg6uznuc07yqgltlhg2722dserdsqgaptgrf
7440359,88730508b5ce5904d202bb2c93e8e597c39b9fd11a208d43289a5216ebda6b64,0,32,15,dero1qyf0rmev07fnyvhlys0d8t44z4wv64zqfgul945fdn0ukn5we449yqgtl4y8y
7440359,88730508b5ce5904d202bb2c93e8e597c39b9fd11a208d43289a5216ebda6b64,0,32,16,dero1qy5gqq0hf3mmc5gvhatwwxz0nq3azg0c9wfddlvqpf5e92cmfr9ayqgdajgs6
7440359,88730508b5ce5904d202bb2c93e8e597c39b9fd11a208d43289a5216ebda6b64,0,32,17,dero1qyg48mhf6s67et6c3c86qm7a6n2rjwaxg8j78670t8k5mr30jkmkjqqkfdvvg
7440359,88730508b5ce5904d202bb2c93e8e597c39b9fd11a208d43289a5216ebda6b64,0,32,18,dero1qydq60jdawmpavkd03xmzf9qnc5rn8kyxuu77xcjnxtheqlphqtgkqqadqgfy
7440359,88730508b5ce5904d202bb2c93e8e597c39b9fd11a208d43289a5216ebda6b64,0,32,19,dero1qyz0vhw7xgn3p70z05ur2799tzagl0ym8s6sua9yt5s6xgzqj5z7zqqw4twu6
7440359,88730508b5ce5904d202bb2c93e8e597c39b9fd11a208d43289a5216ebda6b64,0,32,20,dero1qy56546ujs05ga5fryazae2t27nvry59cuyxtzyz8pjwt2pgev296qqjxhx72
7440359,88730508b5ce5904d202bb2c93e8e597c39b9fd11a208d43289a5216ebda6b64,0,32,21,dero1qyzduemvadtw6laakvf2qqnu0gs78va8pcq6xddak9nl2jdpanar2qqcrvwpj
7440359,88730508b5ce5904d202bb2c93e8e597c39b9fd11a208d43289a5216ebda6b64,0,32,22,dero1qy2mys4nk6rlm8wesv9emtksusjzg4km4gmfss7as3a4nyru8lxhjqgsmk7al
7440359,88730508b5ce5904d202bb2c93e8e597c39b9fd11a208d43289a5216ebda6b64,0,32,23,dero1qyf683k9hcnnna6ka4gjfr9gwyjrxl7lza9l760u6y4cjkwml037xqg7dlrd4
7440359,88730508b5ce5904d202bb2c93e8e597c39b9fd11a208d43289a5216ebda6b64,0,32,24,dero1qyd6yfc9q7snh0d8zcu9t0qu9mvwanrpvl0nmj3l605pzqes7hqpcqq78zd0y
7440359,88730508b5ce5904d202bb2c93e8e597c39b9fd11a208d43289a5216ebda6b64,0,32,25,dero1qykvdsd9ue08yp7y36wjp36vn0j3sthu2puk6vjmmp4zck0rtraswqgxywg34
7440359,88730508b5ce5904d202bb2c93e8e597c39b9fd11a208d43289a5216ebda6b64,0,32,26,dero1qycqac0ljjyv9pnyha2u7tn53fa0ktgmfzj4ncav5gvulpl9y0qzuqgfvuste
7440359,88730508b5ce5904d202bb2c93e8e597c39b9fd11a208d43289a5216ebda6b64,0,32,27,dero1qyhhu9exj7pfvr57ea6wm32zc6ntsgznpjj95k678ggjw9wd9l30qqq26m2tt
7440359,88730508b5ce5904d202bb2c93e8e597c39b9fd11a208d43289a5216ebda6b64,0,32,28,dero1qynsl8q7y6wk7usarez997rc7spw0me97g8lke826h8v6506svr7cqg0fhmjx
7440359,88730508b5ce5904d202bb2c93e8e597c39b9fd11a208d43289a5216ebda6b64,0,32,29,dero1qyfqfyxhtf3h09p2y9ndvm2e8p9r42t465edtzmv0jv6qd87wxh75qgld6hqp
7440359,88730508b5ce5904d202bb2c93e8e597c39b9fd11a208d43289a5216ebda6b64,0,32,30,dero1qydfcnkj7rec9kcw3ryayukvyzvfpy3efdud4ywncwwv0c8kv24j6qqrfzzyy
7440359,88730508b5ce5904d202bb2c93e8e597c39b9fd11a208d43289a5216ebda6b64,0,32,31,dero1qyp25gefuscg64xzghp7f7j9063vfvumlm60txfh0w8n79yzsqzhvqgm66sk4
7440526,9aa26c05e2b4372ef45849e05fbeaa65c7aea308133b600b91b68294149a50b7,0,2,0,dero1qy3e9lsggzek8t52mp39j23rrvm3lyx8mpmjs25ph2cjvex34w88cqg28l22l
7440526,9aa26c05e2b4372ef45849e05fbeaa65c7aea308133b600b91b68294149a50b7,0,2,1,dero1qyzlxxgq2weyqlxg5u4tkng2lf5rktwanqhse2hwm577ps22zv2x2qq9lz0ne
7440526,9aa26c05e2b4372ef45849e05fbeaa65c7aea308133b600b91b68294149a50b7,1,2,0,dero1qyzlxxgq2weyqlxg5u4tkng2lf5rktwanqhse2hwm577ps22zv2x2qq9lz0ne
7440526,9aa26c05e2b4372ef45849e05fbeaa65c7aea308133b600b91b68294149a50b7,1,2,1,dero1qy3e9lsggzek8t52mp39j23rrvm3lyx8mpmjs25ph2cjvex34w88cqg28l22l
7440526,9aa26c05e2b4372ef45849e05fbeaa65c7aea308133b600b91b68294149a50b7,2,2,0,dero1qyq0vy6tydvu4zuqr4vhtf62r3cu4ej5zg6q00mt3uxwl5pj4p7dqqg0vtm83
7440526,9aa26c05e2b4372ef45849e05fbeaa65c7aea308133b600b91b68294149a50b7,2,2,1,dero1qy3e9lsggzek8t52mp39j23rrvm3lyx8mpmjs25ph2cjvex34w88cqg28l22l
7440526,9aa26c05e2b4372ef45849e05fbeaa65c7aea308133b600b91b68294149a50b7,3,2,0,dero1qy4ly36f6axa947758ttjm3uce9n43zelq79sdzkvdetccq0g2g0gqg8dmady
7440526,9aa26c05e2b4372ef45849e05fbeaa65c7aea308133b600b91b68294149a50b7,3,2,1,dero1qy3e9lsggzek8t52mp39j23rrvm3lyx8mpmjs25ph2cjvex34w88cqg28l22l
7440526,9aa26c05e2b4372ef45849e05fbeaa65c7aea308133b600b91b68294149a50b7,4,2,0,dero1qy3e9lsggzek8t52mp39j23rrvm3lyx8mpmjs25ph2cjvex34w88cqg28l22l
7440526,9aa26c05e2b4372ef45849e05fbeaa65c7aea308133b600b91b68294149a50b7,4,2,1,dero1qyx2p7x29cdtxdd9qhkhddkztxyzkgmvasxpqwk4chkxhqktwfql6qq06k5q9
7440526,9aa26c05e2b4372ef45849e05fbeaa65c7aea308133b600b91b68294149a50b7,5,2,0,dero1qy3e9lsggzek8t52mp39j23rrvm3lyx8mpmjs25ph2cjvex34w88cqg28l22l
7440526,9aa26c05e2b4372ef45849e05fbeaa65c7aea308133b600b91b68294149a50b7,5,2,1,dero1qy4aex0ua5cc8z3ncppkdr3gnzntut4a532lz7y97kptml5kjkj06qgmjjcwr
7440526,9aa26c05e2b4372ef45849e05fbeaa65c7aea308133b600b91b68294149a50b7,6,2,0,dero1qyfscd3zl8ql5wm584xq00rxy2ancuhg3kpkxeur8kl9hh989l52jqgjspmuz
7440526,9aa26c05e2b4372ef45849e05fbeaa65c7aea308133b600b91b68294149a50b7,6,2,1,dero1qy3e9lsggzek8t52mp39j23rrvm3lyx8mpmjs25ph2cjvex34w88cqg28l22l
7440526,9aa26c05e2b4372ef45849e05fbeaa65c7aea308133b600b91b68294149a50b7,7,2,0,dero1qyzlxxgq2weyqlxg5u4tkng2lf5rktwanqhse2hwm577ps22zv2x2qq9lz0ne
7440526,9aa26c05e2b4372ef45849e05fbeaa65c7aea308133b600b91b68294149a50b7,7,2,1,dero1qy3e9lsggzek8t52mp39j23rrvm3lyx8mpmjs25ph2cjvex34w88cqg28l22l
7440532,aabb171cc4028996c1c6b490297bb16b1155d00f31d2943d3d5e44fef0d89607,0,2,0,dero1qy3e9lsggzek8t52mp39j23rrvm3lyx8mpmjs25ph2cjvex34w88cqg28l22l
7440532,aabb171cc4028996c1c6b490297bb16b1155d00f31d2943d3d5e44fef0d89607,0,2,1,dero1qykl4kq58lekva8pfpq3pkk33smpqe7g025fc75vc70f059z59mpkqqjmgnza
7440532,aabb171cc4028996c1c6b490297bb16b1155d00f31d2943d3d5e44fef0d89607,1,2,0,dero1qy3e9lsggzek8t52mp39j23rrvm3lyx8mpmjs25ph2cjvex34w88cqg28l22l
7440532,aabb171cc4028996c1c6b490297bb16b1155d00f31d2943d3d5e44fef0d89607,1,2,1,dero1qy3hzvuc035a4a53r63ngvtec8y6vw27tujvx9d7ymdv3q8m358suqqu9gupj
7440532,aabb171cc4028996c1c6b490297bb16b1155d00f31d2943d3d5e44fef0d89607,2,2,0,dero1qy3t4ds4z54zfmzwe9r44uav6ptkrg92vwe7gv40pq74ejtudps56qqwmwuq2
7440532,aabb171cc4028996c1c6b490297bb16b1155d00f31d2943d3d5e44fef0d89607,2,2,1,dero1qy3e9lsggzek8t52mp39j23rrvm3lyx8mpmjs25ph2cjvex34w88cqg28l22l
7440532,aabb171cc4028996c1c6b490297bb16b1155d00f31d2943d3d5e44fef0d89607,3,2,0,dero1qy3e9lsggzek8t52mp39j23rrvm3lyx8mpmjs25ph2cjvex34w88cqg28l22l
7440532,aabb171cc4028996c1c6b490297bb16b1155d00f31d2943d3d5e44fef0d89607,3,2,1,dero1qydq5gfmcmpav7zga8cwff7clqzeza9vjsc43sg8dv22q9vp6sgy6qq5h8laz
7440532,aabb171cc4028996c1c6b490297bb16b1155d00f31d2943d3d5e44fef0d89607,4,2,0,dero1qyqu2g0frwwredt9l6eje7q8tyzr0huwq5dk4j9dvq3zey3antl8yqga6ce73
7440532,aabb171cc4028996c1c6b490297bb16b1155d00f31d2943d3d5e44fef0d89607,4,2,1,dero1qy3e9lsggzek8t52mp39j23rrvm3lyx8mpmjs25ph2cjvex34w88cqg28l22l
7440532,aabb171cc4028996c1c6b490297bb16b1155d00f31d2943d3d5e44fef0d89607,5,2,0,dero1qy3e9lsggzek8t52mp39j23rrvm3lyx8mpmjs25ph2cjvex34w88cqg28l22l
7440532,aabb171cc4028996c1c6b490297bb16b1155d00f31d2943d3d5e44fef0d89607,5,2,1,dero1qyvqn5atrg0rzt34hjpzdzxquv5sy3vvkceg0mvd3vn4h2ju9neqqqq5qfaq5
7440532,aabb171cc4028996c1c6b490297bb16b1155d00f31d2943d3d5e44fef0d89607,6,2,0,dero1qyreelghvz7sgtrdhyczhf90j8u33x3un0s4t3n6g0f3s7x95dpccqq5j9ggq
7440532,aabb171cc4028996c1c6b490297bb16b1155d00f31d2943d3d5e44fef0d89607,6,2,1,dero1qy3e9lsggzek8t52mp39j23rrvm3lyx8mpmjs25ph2cjvex34w88cqg28l22l
7440535,6650ac3e6d83510ee7baf3ea27e89534fd94ed747556f429196526150e665c5b,0,2,0,dero1qy3e9lsggzek8t52mp39j23rrvm3lyx8mpmjs25ph2cjvex34w88cqg28l22l
7440535,6650ac3e6d83510ee7baf3ea27e89534fd94ed747556f429196526150e665c5b,0,2,1,dero1qydkj6dznyk5njmzr96hjcr5uj74anqqqv90mg39mtzm4d2dcpwsqqqk6zvve
7440535,6650ac3e6d83510ee7baf3ea27e89534fd94ed747556f429196526150e665c5b,1,2,0,dero1qy3e9lsggzek8t52mp39j23rrvm3lyx8mpmjs25ph2cjvex34w88cqg28l22l
7440535,6650ac3e6d83510ee7baf3ea27e89534fd94ed747556f429196526150e665c5b,1,2,1,dero1qy07h9mk6xxf2k4x0ymdpezvksjy0talskhpvqmat3xk3d9wczg5jqqvwl0sn
7440535,6650ac3e6d83510ee7baf3ea27e89534fd94ed747556f429196526150e665c5b,2,2,0,dero1qyy7lrcmfu429c35xlalr2d2d99lz4upmsdcjseyn9c4hmc7eyjdxqqe3xfhs
7440535,6650ac3e6d83510ee7baf3ea27e89534fd94ed747556f429196526150e665c5b,2,2,1,dero1qy3e9lsggzek8t52mp39j23rrvm3lyx8mpmjs25ph2cjvex34w88cqg28l22l
7440548,51e75deefec6fc280d6be67a2c7cbcf4101fab28943b5d4eb23f0812c1ca244e,0,16,0,dero1qy8qgykdkaedxtsay0a9d0l35nj8zl0l40g3ym4p9s5qz6h3czqtgqqlpqeql
7440548,51e75deefec6fc280d6be67a2c7cbcf4101fab28943b5d4eb23f0812c1ca244e,0,16,1,dero1qyzvx9caq3pg0cr7y78kek7lh367c8wzcghv6lev4u5wh5uzvprlwqqrur02r
7440548,51e75deefec6fc280d6be67a2c7cbcf4101fab28943b5d4eb23f0812c1ca244e,0,16,2,dero1qydjvudnkdyzqxetggnwe87n9vsa9285aexrv2xjep3mhupvngvnkqqp3a4gw
7440548,51e75deefec6fc280d6be67a2c7cbcf4101fab28943b5d4eb23f0812c1ca244e,0,16,3,dero1qynemqkh4rwjpaqudmyqjarp5vad9c8ssqdtz6tu00yejetq5tkezqq36wzgu
7440548,51e75deefec6fc280d6be67a2c7cbcf4101fab28943b5d4eb23f0812c1ca244e,0,16,4,dero1qywy7qqw4fdwzpqy3a22kmjak0d9rlgx3drqwhum0fvf5reys9xavqg04250l
7440548,51e75deefec6fc280d6be67a2c7cbcf4101fab28943b5d4eb23f0812c1ca244e,0,16,5,dero1qywvdun9xa66rsfjnhujxa7uz2tafnhjf0ll22zgpnvkdffa3lxu6qqxj0zqw
7440548,51e75deefec6fc280d6be67a2c7cbcf4101fab28943b5d4eb23f0812c1ca244e,0,16,6,dero1qydrwehgpwauszkv55fc836jm0wf6zqtpfzchpds0udfs58vd8x0cqql9k6ac
7440548,51e75deefec6fc280d6be67a2c7cbcf4101fab28943b5d4eb23f0812c1ca244e,0,16,7,dero1qyc9q4r7s5fjd0wdl69rluk2zycf0urx5u6vc5zx08pzc6clmuzgwqgf24w2e
7440548,51e75deefec6fc280d6be67a2c7cbcf4101fab28943b5d4eb23f0812c1ca244e,0,16,8,dero1qyge3gvcflf8hqc5zmrs8d4xy9e2zlj7ke06hyyvqmh7uk5vj990jqq585s6q
7440548,51e75deefec6fc280d6be67a2c7cbcf4101fab28943b5d4eb23f0812c1ca244e,0,16,9,dero1qyfevmlhxllhnp87fupdq0xrwrtftq0qy2d6mq23efsen9t6xtp6gqq880krt
7440548,51e75deefec6fc280d6be67a2c7cbcf4101fab28943b5d4eb23f0812c1ca244e,0,16,10,dero1qypk4wkthxljyzne2gjy9g9paahgscrrv3r0p6yf426l6z69pcpnsqg6t4rgw
7440548,51e75deefec6fc280d6be67a2c7cbcf4101fab28943b5d4eb23f0812c1ca244e,0,16,11,dero1qydmej6j8xp58nryhlj4ml63hft5p4arxqlx0mhn946yne7kaaet7qgs46mkr
7440548,51e75deefec6fc280d6be67a2c7cbcf4101fab28943b5d4eb23f0812c1ca244e,0,16,12,dero1qykkmcw4ywrn0fkv7l9y0zkhndkxmdtxzk44469jrfpqgpx9lwe4zqg085xya
7440548,51e75deefec6fc280d6be67a2c7cbcf4101fab28943b5d4eb23f0812c1ca244e,0,16,13,dero1qyjzzqm4jrr4nmuhgsnxr3wks7mqdxlayhcx540l2rw2zp48pypxvqqaqxds6
7440548,51e75deefec6fc280d6be67a2c7cbcf4101fab28943b5d4eb23f0812c1ca244e,0,16,14,dero1qyrt547ydu5xl2wq2jpct9wv2ujeapurczv66rdh39w70n3m82kfuqqt40ph7
7440548,51e75deefec6fc280d6be67a2c7cbcf4101fab28943b5d4eb23f0812c1ca244e,0,16,15,dero1qyf30ynpvmazamn6z2v3kkjatfjndfq6y8ejq5r8se55e35urxl4jqq27um3k
7440570,cd510399a7874c8b7f7faee7d7e3c6bf46eeeeedfb537fdf205219bd798c8e94,0,16,0,dero1qyqezlm3t29gncvgpr7gpxgre5dpg6mf5354jnt0lvpt026sffhawqg725z9k
7440570,cd510399a7874c8b7f7faee7d7e3c6bf46eeeeedfb537fdf205219bd798c8e94,0,16,1,dero1qy3zu0l8lsdvwxjfpvj7d9putp65jh352hsy6s5m2w4va0nj22mkvqgndee6a
7440570,cd510399a7874c8b7f7faee7d7e3c6bf46eeeeedfb537fdf205219bd798c8e94,0,16,2,dero1qysrczky03yewqg6fmyd59eg0dm0qwfg8xw2ftfmmv3tj094p68djqq7etvv4
7440570,cd510399a7874c8b7f7faee7d7e3c6bf46eeeeedfb537fdf205219bd798c8e94,0,16,3,dero1qyxmfftrt73sxtldjnjc3wzemwecva8w9gzrvj5dwzaetq9fshzk5qqr8nlhm
7440570,cd510399a7874c8b7f7faee7d7e3c6bf46eeeeedfb537fdf205219bd798c8e94,0,16,4,dero1qy4zgw8yfxuypnq5vu5kjl5lzrks9za738w99zjv7f53jmentjv7gqg006q7q
7440570,cd510399a7874c8b7f7faee7d7e3c6bf46eeeeedfb537fdf205219bd798c8e94,0,16,5,dero1qynce7qr3eqafd9v5ph2qgp3c3kpldcmffnsx84wdrme8mv8xxqcwqg3gkezz
7440570,cd510399a7874c8b7f7faee7d7e3c6bf46eeeeedfb537fdf205219bd798c8e94,0,16,6,dero1qy5540v002k8q509n7rha4hegg56eqc3xn4mnhyejxyk0kgca6g87qqmun5e4
7440570,cd510399a7874c8b7f7faee7d7e3c6bf46eeeeedfb537fdf205219bd798c8e94,0,16,7,dero1qyrt547ydu5xl2wq2jpct9wv2ujeapurczv66rdh39w70n3m82kfuqqt40ph7
7440570,cd510399a7874c8b7f7faee7d7e3c6bf46eeeeedfb537fdf205219bd798c8e94,0,16,8,dero1qyreglfw8rpatg8t72d23umpfqzznvx0pecsqvk70jxuekce980ujqqw7s2ta
7440570,cd510399a7874c8b7f7faee7d7e3c6bf46eeeeedfb537fdf205219bd798c8e94,0,16,9,dero1qywcczy5rt88u5d2rnc0zk0440qa5z4wgvmmz0zepy4ly2xdwgqr5qq9x4zme
7440570,cd510399a7874c8b7f7faee7d7e3c6bf46eeeeedfb537fdf205219bd798c8e94,0,16,10,dero1qykrlvknx4674gwg4pz8f9nwr86k3z5zl6n3pwxhzdnxzkct83epyqgxtyz4y
7440570,cd510399a7874c8b7f7faee7d7e3c6bf46eeeeedfb537fdf205219bd798c8e94,0,16,11,dero1qyzq2gct6c7df0q09k9daclr3rlwtdwtrz8hry6gdse0cr4tfaud6qgk3k4qs
7440570,cd510399a7874c8b7f7faee7d7e3c6bf46eeeeedfb537fdf205219bd798c8e94,0,16,12,dero1qyvd5nv5elgl8x2nsvmkqfe3md2f4yfmwc3e379lc3674q8r3xd32qq7f3f7p
7440570,cd510399a7874c8b7f7faee7d7e3c6bf46eeeeedfb537fdf205219bd798c8e94,0,16,13,dero1qy33u78q5zewn4hm9l6jkv35crzgpk494l5dqt2auj0zyskm0m2jzqgz8k2cj
7440570,cd510399a7874c8b7f7faee7d7e3c6bf46eeeeedfb537fdf205219bd798c8e94,0,16,14,dero1qyxsc02dvczu7h9au3x980t25aksz0hqlj79qqjckrmdmxyvql98cqg49qpr6
7440570,cd510399a7874c8b7f7faee7d7e3c6bf46eeeeedfb537fdf205219bd798c8e94,0,16,15,dero1qyq0wmtfd7rnudazqh5s2va2ly47we8gyqjv0dxw8crj3tc4mm647qgvqjxtv
7440571,571e442002437d183593587971baf07e80502973d6e452567af2e7351b6bcda0,0,16,0,dero1qyrj96j0p5fw847y9pwznj3ltcfhge3qu5rmt5nnky0w9kmdjdwjjqgkn5ghl
7440571,571e442002437d183593587971baf07e80502973d6e452567af2e7351b6bcda0,0,16,1,dero1qyqsrwl55cmhsmta376us2zysg3v9cewjudvehexnwu0t9zv3qlpvqguh2g56
7440571,571e442002437d183593587971baf07e80502973d6e452567af2e7351b6bcda0,0,16,2,dero1qy0gn24yaqr284sgflyfz292pfmeh8yf2rzmcme5v3v0z52mjw90yqqc7x8pm
7440571,571e442002437d183593587971baf07e80502973d6e452567af2e7351b6bcda0,0,16,3,dero1qy5vsqswq6qqnytrjfp96g0qg2w55fusghxynrpr6eu936h3kngpzqqv22t9t
7440571,571e442002437d183593587971baf07e80502973d6e452567af2e7351b6bcda0,0,16,4,dero1qy0wshj3ekhndrphy0ypxgca8uwfmkmd965yk28wsqfhm3vsdaz4gqqpu33cd
7440571,571e442002437d183593587971baf07e80502973d6e452567af2e7351b6bcda0,0,16,5,dero1qyxs4ljazp8d5klh3es8y40uzx2jnhh6ue203g5rdyf5ddlrsxp0cqqt3jflk
7440571,571e442002437d183593587971baf07e80502973d6e452567af2e7351b6bcda0,0,16,6,dero1qywdgahj37g20av0lwzhhazmwjwrx8ppfgtqtre6vx6rq4799le4kqgme9syg
7440571,571e442002437d183593587971baf07e80502973d6e452567af2e7351b6bcda0,0,16,7,dero1qy856v4nh4fry0n2q4hfj7e9q25wupzzkr89dc6j6mvy7j8awnxf5qqm6fk3x
7440571,571e442002437d183593587971baf07e80502973d6e452567af2e7351b6bcda0,0,16,8,dero1qyq0vy6tydvu4zuqr4vhtf62r3cu4ej5zg6q00mt3uxwl5pj4p7dqqg0vtm83
7440571,571e442002437d183593587971baf07e80502973d6e452567af2e7351b6bcda0,0,16,9,dero1qykzydv7samyl2nh7h6szx3up07pr723passmx7vl9pwzhk6gru5xqqvhkn7s
7440571,571e442002437d183593587971baf07e80502973d6e452567af2e7351b6bcda0,0,16,10,dero1qyk5vhvvqn29ulzcmzxvcqa4ewx3tfrehphpq28artjdqunf2dn6wqgyzctly
7440571,571e442002437d183593587971baf07e80502973d6e452567af2e7351b6bcda0,0,16,11,dero1qyrt547ydu5xl2wq2jpct9wv2ujeapurczv66rdh39w70n3m82kfuqqt40ph7
7440571,571e442002437d183593587971baf07e80502973d6e452567af2e7351b6bcda0,0,16,12,dero1qyfu9qde5weyufpg4qa8clkg6etrqernt23nam984mvedu74qdmfjqqupd4wv
7440571,571e442002437d183593587971baf07e80502973d6e452567af2e7351b6bcda0,0,16,13,dero1qyxgfpllwhphu3u9y9m2rlz4vz609mlp4zkvdgz0xvpdsjtq08m97qqvhry2g
7440571,571e442002437d183593587971baf07e80502973d6e452567af2e7351b6bcda0,0,16,14,dero1qyqjene0pvln3j76l5scj8f2wtd9kjr8x430le3pgxygfmqr0vxtuqgcq8shh
7440571,571e442002437d183593587971baf07e80502973d6e452567af2e7351b6bcda0,0,16,15,dero1qyp5yvwef6dzct0lvxwm7n4efar42acw99u3vcc2xyssh7sc2ryjkqgm22l2v
7440584,f6af630bb180e6f10799aa2e1419765465dec9e3a45f9270dbe116ca4381c4c6,0,16,0,dero1qytqsg5rdtvwuwhnd6yh059m84rwlmn4l4t8txnzs2y97jpjkz2rxqq5ch84w
7440584,f6af630bb180e6f10799aa2e1419765465dec9e3a45f9270dbe116ca4381c4c6,0,16,1,dero1qy55s4ae5vkg7c680clepdu6rjjwvqt9r4mt04t3tyxdfmx3p5uegqqx2ag7q
7440584,f6af630bb180e6f10799aa2e1419765465dec9e3a45f9270dbe116ca4381c4c6,0,16,2,dero1qyqa4ezzvrfscx97f9w9e0v65zxcu537ez2dm967l8z6xltarxy0yqq5wwfyr
7440584,f6af630bb180e6f10799aa2e1419765465dec9e3a45f9270dbe116ca4381c4c6,0,16,3,dero1qyx06l3tdsxm82nhgdtgmyln5lf5mvrvv54jqycu90pewxg265lsjqq5sgppw
7440584,f6af630bb180e6f10799aa2e1419765465dec9e3a45f9270dbe116ca4381c4c6,0,16,4,dero1qykj7g84fs5554vhfrvpfwsauxxn22hlt298xff2jxj233v4m4xegqgtl8fwf
7440584,f6af630bb180e6f10799aa2e1419765465dec9e3a45f9270dbe116ca4381c4c6,0,16,5,dero1qyw55x3l7p3exf8km3yxmukky85slvyqwuf0fhwrsyly6glk0aaqqqqceenqw
7440584,f6af630bb180e6f10799aa2e1419765465dec9e3a45f9270dbe116ca4381c4c6,0,16,6,dero1qyssctsehs8zlluqn0js9m03ujayayty4tsrzemlnfcss36ugyurqqgpx6ufn
7440584,f6af630bb180e6f10799aa2e1419765465dec9e3a45f9270dbe116ca4381c4c6,0,16,7,dero1qy9ptw6vr20x25kd2thc78r89tlmpgsjk6rvneea6yecnjy87t9exqgh5t2vc
7440584,f6af630bb180e6f10799aa2e1419765465dec9e3a45f9270dbe116ca4381c4c6,0,16,8,dero1qyr7prcprrz0jyx5uuhv846kqhlwujme3ef575rwvlja7309lsrzuqgmnmhtn
7440584,f6af630bb180e6f10799aa2e1419765465dec9e3a45f9270dbe116ca4381c4c6,0,16,9,dero1qypxvwaa8mkqgtfz5rg94th3nsgplhfy2q4nlyqas0nfqcg6m9zcgqg74pufm
7440584,f6af630bb180e6f10799aa2e1419765465dec9e3a45f9270dbe116ca4381c4c6,0,16,10,dero1qy95emhh7mjwylsnwrwruna6we3p4txlr362yydv2ktmkxfpxpt5zqqnmw7vc
7440584,f6af630bb180e6f10799aa2e1419765465dec9e3a45f9270dbe116ca4381c4c6,0,16,11,dero1qywqw4mn8lmw6m3gstwkfm02tt4c75c3wmgcpsg6ulzaplzqnpsekqqm7efy8
7440584,f6af630bb180e6f10799aa2e1419765465dec9e3a45f9270dbe116ca4381c4c6,0,16,12,dero1qypejtj4xftsyvsvvf3vxlz08us5nznvcrlkml8s64vg285dufc9wqq63zkns
7440584,f6af630bb180e6f10799aa2e1419765465dec9e3a45f9270dbe116ca4381c4c6,0,16,13,dero1qynqzeaj57lje5h8sd33snrwrtkel4qgmkjglljs3gfkydal4hz96qgmshraf
7440584,f6af630bb180e6f10799aa2e1419765465dec9e3a45f9270dbe116ca4381c4c6,0,16,14,dero1qyve8la0sp37psv3xmvp4mklkusnuz6pppqx0ptxqfjy8jrynlvvgqqffqrl3
7440584,f6af630bb180e6f10799aa2e1419765465dec9e3a45f9270dbe116ca4381c4c6,0,16,15,dero1qyqea6rrv35lnhwdzt6ctldhl0hsgw79rz6umjn800n7uxkdnvyjjqgfpmuz9
7440589,92204e29cea93a5e062654f6607f3ed92e9531dbcbab3b9e186afb5626a04591,0,2,0,dero1qyj5qpmel4wtvwykz6ygd37gnhwwvcu6k2gfyfu6fa7cltywjyrjqqq3mcd40
7440589,92204e29cea93a5e062654f6607f3ed92e9531dbcbab3b9e186afb5626a04591,0,2,1,dero1qygnd9ckatq5ve5wx0scfq6lr8mt4ktd3yju8ygxp63xyxyjvdmnjqqe7mw7e
7440595,01c58b2a949973f23b77bb7ae30c3b02f90870214f7ad091f78355865beea285,0,2,0,dero1qyn79hvatlv89wtfcjnsmk7z2w34l0r66uvdjfmzjd8szv7lc00t5qg83mn2z
7440595,01c58b2a949973f23b77bb7ae30c3b02f90870214f7ad091f78355865beea285,0,2,1,dero1qyhwm636ce84cpp9nyy9tkpcccmgzck3m7l5faztjttz27r70f4txqg4x0me9
7440654,b19d318ea4392d1c6348546be23d30a875c57e923f7e8ec963684e560e72f2a1,0,2,0,dero1qyvj468an70p27vrryrh20mp6ddxaraa886zaal0s76psrxugyfp7qg05m3yu
7440654,b19d318ea4392d1c6348546be23d30a875c57e923f7e8ec963684e560e72f2a1,0,2,1,dero1qyj5qpmel4wtvwykz6ygd37gnhwwvcu6k2gfyfu6fa7cltywjyrjqqq3mcd40
7440660,e49eb606576422ce3a336589d415a778102526a4f469b80c361c27580815755d,0,2,0,dero1qyttpq0s7pu73h0gs7qp7paks6cvhu4npgkfjrxfvdnkm4p6l2fj7qqntmzqq
7440660,e49eb606576422ce3a336589d415a778102526a4f469b80c361c27580815755d,0,2,1,dero1qyn79hvatlv89wtfcjnsmk7z2w34l0r66uvdjfmzjd8szv7lc00t5qg83mn2z
7440680,ec2349ef4ac708260803af523873fa991772a353c74e13a8eac4d4ac6a2020e8,0,16,0,dero1qy387y4c5qu00suv5ej8r2v7jkdgvcs3093d4wqc6gds4arh9qzajqqlmfu8g
7440680,ec2349ef4ac708260803af523873fa991772a353c74e13a8eac4d4ac6a2020e8,0,16,1,dero1qy0gjpmz3x3c240lev8405azk60sj0q6gl4f7j2xml5l0rk28259vqgyq7wuq
7440680,ec2349ef4ac708260803af523873fa991772a353c74e13a8eac4d4ac6a2020e8,0,16,2,dero1qydg25c30v44c94yh3pl0seaq3jspmcxa705cdwt962rzjj89nsx7qgcv2q83
7440680,ec2349ef4ac708260803af523873fa991772a353c74e13a8eac4d4ac6a2020e8,0,16,3,dero1qyqgecfkg6qxnvsf9jqnd99ae7x2la57rqtn7e9d256dumwtd0ffxqq7l987a
7440680,ec2349ef4ac708260803af523873fa991772a353c74e13a8eac4d4ac6a2020e8,0,16,4,dero1qy47kkx5gqtjmt0wcnjjps0dt2zfkm2cqe6t92v7qmly46pndu346qqa60j6t
7440680,ec2349ef4ac708260803af523873fa991772a353c74e13a8eac4d4ac6a2020e8,0,16,5,dero1qy2x4ztc459dv7zmwsy5xhg4tmvu8slly5p3n0yrduv8fq0dk0zgqqqxhemgx
7440680,ec2349ef4ac708260803af523873fa991772a353c74e13a8eac4d4ac6a2020e8,0,16,6,dero1qy5v6g6kw8ulkmp0n4qlakr2mg9wlghxzwpa0jmjrh45vnnelts7vqgg05vg9
7440680,ec2349ef4ac708260803af523873fa991772a353c74e13a8eac4d4ac6a2020e8,0,16,7,dero1qydzxpprreyx32853sgajastgqvslqcsxj50d4hj8xr7ne64hw5puqg86s5sx
7440680,ec2349ef4ac708260803af523873fa991772a353c74e13a8eac4d4ac6a2020e8,0,16,8,dero1qyf4g5h7ufx4y9kg0vnzvsxf7uqtpz5kldtx5awyh5d026ctn9eyvqqskkty8
7440680,ec2349ef4ac708260803af523873fa991772a353c74e13a8eac4d4ac6a2020e8,0,16,9,dero1qyqy7ncqnqq5pgx8unze3lk393a9gc9dls2h0nawfzmcf3pc8vcn2qqfvvc6h
7440680,ec2349ef4ac708260803af523873fa991772a353c74e13a8eac4d4ac6a2020e8,0,16,10,dero1qy04ddsk6d7w7swmsehav5hh3w99nzp9zhe420ez8dutg2rp4dpucqg3lemwz
7440680,ec2349ef4ac708260803af523873fa991772a353c74e13a8eac4d4ac6a2020e8,0,16,11,dero1qyqf027qptsqg6fyc3pkykf38s7rephklj34xmw86mwfx0p0apg6cqgexkpxk
7440680,ec2349ef4ac708260803af523873fa991772a353c74e13a8eac4d4ac6a2020e8,0,16,12,dero1qy0d4rn4zlf9ufucuvqrm9y6gzlnwwq23afamfdjepe2l078l5ugqqqekn4v9
7440680,ec2349ef4ac708260803af523873fa991772a353c74e13a8eac4d4ac6a2020e8,0,16,13,dero1qysr8su75q6qpf7k2h4gdwuhqx4nug2zkukzpyggs20d2w409c735qgqvlxcn
7440680,ec2349ef4ac708260803af523873fa991772a353c74e13a8eac4d4ac6a2020e8,0,16,14,dero1qy4hez7xsalw4veshukv5m95edzsvz2wqrua9rherj8dgzs5yz39kqqghcxgq
7440680,ec2349ef4ac708260803af523873fa991772a353c74e13a8eac4d4ac6a2020e8,0,16,15,dero1qyg4prd42632ef9daghrvjj7veks5uhuzr42fh6nwm0w2zxpw6rxyqg8gwuq9
7440793,386f6613c4ae12a01c8332035916d59bd9b7f9c2ed6d80de396aac2fe733aecd,0,16,0,dero1qyd7vzz5rfnn4j36srzqagctuc66wgl6dhn0wr2jagn86gmuzh89wqglealt9
7440793,386f6613c4ae12a01c8332035916d59bd9b7f9c2ed6d80de396aac2fe733aecd,0,16,1,dero1qywqjs4vtuq4cpu5zrf6f5vd0pfckxk4p6xkc0cmpl264lk4pyp35qqn0hpzp
7440793,386f6613c4ae12a01c8332035916d59bd9b7f9c2ed6d80de396aac2fe733aecd,0,16,2,dero1qyfyuja0zzfxgqk4gtpphsvq5w95rfk0507t73hc03tk4r7vslvjcqqaf7keu
7440793,386f6613c4ae12a01c8332035916d59bd9b7f9c2ed6d80de396aac2fe733aecd,0,16,3,dero1qygl5vpwygklatz66nak02fa38kgx5yn956ljumkmvptryxt6ancqqghguv80
7440793,386f6613c4ae12a01c8332035916d59bd9b7f9c2ed6d80de396aac2fe733aecd,0,16,4,dero1qysepy26qlgy5r95ljnyavyyeclkzewrjjn9286qn2vmaxrp0l8eqqq8kyqqn
7440793,386f6613c4ae12a01c8332035916d59bd9b7f9c2ed6d80de396aac2fe733aecd,0,16,5,dero1qy4ep76gzk2vlf7d44a2m5svgrclfunsxtzp6mxwwdz5snam08wvgqgt2dhg2
7440793,386f6613c4ae12a01c8332035916d59bd9b7f9c2ed6d80de396aac2fe733aecd,0,16,6,dero1qy47kkx5gqtjmt0wcnjjps0dt2zfkm2cqe6t92v7qmly46pndu346qqa60j6t
7440793,386f6613c4ae12a01c8332035916d59bd9b7f9c2ed6d80de396aac2fe733aecd,0,16,7,dero1qy5mc3ac7qd6mewaes23zl2y2rlf2wxnazss57lryxazehxr28tt5qqc2n6sl
7440793,386f6613c4ae12a01c8332035916d59bd9b7f9c2ed6d80de396aac2fe733aecd,0,16,8,dero1qyyxaycqprejhl2zj8y4wrhdqnvgwtj87p60lk53e6frk9g357jsgqq3f7le4
7440793,386f6613c4ae12a01c8332035916d59bd9b7f9c2ed6d80de396aac2fe733aecd,0,16,9,dero1qyhust0esc4gyayz7e8vssfxu2vp3su9schv24z92vpf00zyqwa46qgzvukh0
7440793,386f6613c4ae12a01c8332035916d59bd9b7f9c2ed6d80de396aac2fe733aecd,0,16,10,dero1qyv0utxlamcpx0t5szmnmgt7fcqta3cusmklj22m67n2xujyvcrm6qqy40hmr
7440793,386f6613c4ae12a01c8332035916d59bd9b7f9c2ed6d80de396aac2fe733aecd,0,16,11,dero1qyyn29h9369ganetp23pad358yzfcamrgjsyew2sp9et8sysg3vcvqg2g2ewa
7440793,386f6613c4ae12a01c8332035916d59bd9b7f9c2ed6d80de396aac2fe733aecd,0,16,12,dero1qy8ehs3gngu9su2fjrhhudgx0hewngqep6cp94ll3w97uq9lnchgcqgmtez0l
7440793,386f6613c4ae12a01c8332035916d59bd9b7f9c2ed6d80de396aac2fe733aecd,0,16,13,dero1qygclsundpthnlpxye9wx5lxzhrtkaqx6gdq9v3lm422w69524pggqqphyqxg
7440793,386f6613c4ae12a01c8332035916d59bd9b7f9c2ed6d80de396aac2fe733aecd,0,16,14,dero1qykertc0tcg9lh39t05d6dvn7kk767hkd930vmxz88sxaxvlehpnyqqp3hm3c
7440793,386f6613c4ae12a01c8332035916d59bd9b7f9c2ed6d80de396aac2fe733aecd,0,16,15,dero1qy8027eaey8w9kl3hv0jjyf2ru6xn8xpl5wlkt5a7c03wfzsrc9rxqgrd3cvp
7440798,17c6e1bd5f8ef1ec8f7a90219fb7a5b749d663c16970de290f8350d8ce18dfc9,0,2,0,dero1qywygmdec7e4cnkgap4jhewvewr3m8mdf5a3lp0g2ttpkhujg8v22qg9feq2y
7440798,17c6e1bd5f8ef1ec8f7a90219fb7a5b749d663c16970de290f8350d8ce18dfc9,0,2,1,dero1qyqz0p5mhf8n0xtwvhys726kaetkruevwhhg6y7gdcynewkxkt0z5qglepyup
7440824,a3f6357d4962d9b5d37cbab317c97f7c5b01326414fd0c3f010b1fb6c316d05e,0,16,0,dero1qyhe5va3lu7k97useyssmh4k5qqw78xkcgltyyukgktkqk0fp4a35qq5l9ha8
7440824,a3f6357d4962d9b5d37cbab317c97f7c5b01326414fd0c3f010b1fb6c316d05e,0,16,1,dero1qy8hwffsmtgsvg6v5knyffxfqgr4zh6k98wn928fjftswzq53x865qgr22f99
7440824,a3f6357d4962d9b5d37cbab317c97f7c5b01326414fd0c3f010b1fb6c316d05e,0,16,2,dero1qy9jf2wf3wnje627zjxd9fxd5clexlw0zy7mv2d7sfg2ys9ff0mngqqpfetz4
7440824,a3f6357d4962d9b5d37cbab317c97f7c5b01326414fd0c3f010b1fb6c316d05e,0,16,3,dero1qyxssydtsh2q73uytm6nm0uqmja7ppgr45ffrxg0aptc72g6y7twxqqv7cue3
7440824,a3f6357d4962d9b5d37cbab317c97f7c5b01326414fd0c3f010b1fb6c316d05e,0,16,4,dero1qyv8sfw52dwsvfhxnj2nxtkglcm36fmc6kmjz80el55ahmf73njlgqqk6dk77
7440824,a3f6357d4962d9b5d37cbab317c97f7c5b01326414fd0c3f010b1fb6c316d05e,0,16,5,dero1qynml46gcnsnzctru58axqa6cdprmumujdtyac2m7vtyaydhej5u7qqa7f7tk
7440824,a3f6357d4962d9b5d37cbab317c97f7c5b01326414fd0c3f010b1fb6c316d05e,0,16,6,dero1qyndqxx045m632s8d3ay2m8ephqpls6zm87hx9zh80mf3692ykqckqg0x8taj
7440824,a3f6357d4962d9b5d37cbab317c97f7c5b01326414fd0c3f010b1fb6c316d05e,0,16,7,dero1qyk6lgu0fhz2luw4jm2sgwwylykrxc4lkc8upe2a0n38sqkskkx4qqgp9njrv
7440824,a3f6357d4962d9b5d37cbab317c97f7c5b01326414fd0c3f010b1fb6c316d05e,0,16,8,dero1qy9zpx7g5z94rwshep7ehy44yqt8ke65fjfmgmh6y6a40ccurd822qg00zq2x
7440824,a3f6357d4962d9b5d37cbab317c97f7c5b01326414fd0c3f010b1fb6c316d05e,0,16,9,dero1qy47kkx5gqtjmt0wcnjjps0dt2zfkm2cqe6t92v7qmly46pndu346qqa60j6t
7440824,a3f6357d4962d9b5d37cbab317c97f7c5b01326414fd0c3f010b1fb6c316d05e,0,16,10,dero1qywqjs4vtuq4cpu5zrf6f5vd0pfckxk4p6xkc0cmpl264lk4pyp35qqn0hpzp
7440824,a3f6357d4962d9b5d37cbab317c97f7c5b01326414fd0c3f010b1fb6c316d05e,0,16,11,dero1qygj6zjwzl5lmzcjc6exg4rsjw3jgc7848y0hgyhulnfepnnad87uqq6t9hfd
7440824,a3f6357d4962d9b5d37cbab317c97f7c5b01326414fd0c3f010b1fb6c316d05e,0,16,12,dero1qy2ch827c8k4ng5g3mjvrwhvq8443uqutazhenzu3q97yzvse2e9gqgu6h6ck
7440824,a3f6357d4962d9b5d37cbab317c97f7c5b01326414fd0c3f010b1fb6c316d05e,0,16,13,dero1qyzgkmcvvda5tlta27jfc34pnnfwrvhmz63xsn5gf2prllwk2wppzqq3sv9ug
7440824,a3f6357d4962d9b5d37cbab317c97f7c5b01326414fd0c3f010b1fb6c316d05e,0,16,14,dero1qyrdma9ps7stewgqqs7lyw58mc2ajaj88g0pjs8vx7xv9f4fcf0xcqq8j8vv9
7440824,a3f6357d4962d9b5d37cbab317c97f7c5b01326414fd0c3f010b1fb6c316d05e,0,16,15,dero1qynt4f9fklffyajev0ncu73vex7j0zahq5lrvpvrkrv7fsn4vktmxqq5lyfzq
7440862,0690d5744c4aaceca570ba82f060a9837f1073220d044d132172984bf86feae8,0,2,0,dero1qykkknsvxhpktx3cvmlwyka67f07u6npkc07nud7wfsrwxnk587hwqgek33df
7440862,0690d5744c4aaceca570ba82f060a9837f1073220d044d132172984bf86feae8,0,2,1,dero1qywygmdec7e4cnkgap4jhewvewr3m8mdf5a3lp0g2ttpkhujg8v22qg9feq2y
7440877,b0862cdc9a8300677447a9acd6ddbc4ee8d05627c6fefd183798e42eaa0a0dc8,0,2,0,dero1qyyusrulap7qmm4vzwwxn30u8gvk6pgdemtrts0nxvsqk075sy4mxqg60nxcc
7440877,b0862cdc9a8300677447a9acd6ddbc4ee8d05627c6fefd183798e42eaa0a0dc8,0,2,1,dero1qywygmdec7e4cnkgap4jhewvewr3m8mdf5a3lp0g2ttpkhujg8v22qg9feq2y
7440882,fdbc2f21c900def5784d17f3eab8131fd552e09b8f7c326487b6f7beff9f2db9,0,2,0,dero1qy0rad5fu329yj0aq28g5mpsq98h25w8ve3xjmuvxdh2dvruk4u0vqgl760j8
7440882,fdbc2f21c900def5784d17f3eab8131fd552e09b8f7c326487b6f7beff9f2db9,0,2,1,dero1qyj5qpmel4wtvwykz6ygd37gnhwwvcu6k2gfyfu6fa7cltywjyrjqqq3mcd40
7440947,668d8b05449509cdda2d0ee97458c034ec6a5def93b20ba4b2e1cf2cdbfbd008,0,16,0,dero1qyj257z95kyelmxc5j37q6p6ruwnjhge7uht6ejgzcu75dhvxan8sqqg93ac6
7440947,668d8b05449509cdda2d0ee97458c034ec6a5def93b20ba4b2e1cf2cdbfbd008,0,16,1,dero1qyd6qy0atm37ptjsnnt2qyzw3d5dzjxtqqrst44nwtfgxapjpyjuqqqp0qlwd
7440947,668d8b05449509cdda2d0ee97458c034ec6a5def93b20ba4b2e1cf2cdbfbd008,0,16,2,dero1qygnqgvw7uuv4ugvjh6dl5s6vptqst97yqwf8r3jgd5n36c86ht8uqg9sxlxv
7440947,668d8b05449509cdda2d0ee97458c034ec6a5def93b20ba4b2e1cf2cdbfbd008,0,16,3,dero1qyz0mr4jzh0aw5hlr8mmnlfxzn8apfvea24wdjt5jej5rys36v34zqqfurc5e
7440947,668d8b05449509cdda2d0ee97458c034ec6a5def93b20ba4b2e1cf2cdbfbd008,0,16,4,dero1qy2228v23te0cjlug50qwsy9ave8sf0mjc3suehs3vw2rc5y97qnvqqj8h7uq
7440947,668d8b05449509cdda2d0ee97458c034ec6a5def93b20ba4b2e1cf2cdbfbd008,0,16,5,dero1qy0r7egury4vxy5qn4cwfgjvnej09dysqcnxuhdf82n0m3lqvq5gqqg7kvmv9
7440947,668d8b05449509cdda2d0ee97458c034ec6a5def93b20ba4b2e1cf2cdbfbd008,0,16,6,dero1qy35scmst4h9v854f3nu029yfwxrhx0yt2n659mcygl5jy7hyxl72qqsyclnw
7440947,668d8b05449509cdda2d0ee97458c034ec6a5def93b20ba4b2e1cf2cdbfbd008,0,16,7,dero1qyg3utqpx95dgu0k7y9zwc3egvemv797zyah8mt8yz09cxctad86xqqzxw28z
7440947,668d8b05449509cdda2d0ee97458c034ec6a5def93b20ba4b2e1cf2cdbfbd008,0,16,8,dero1qyhqctr905akxctz2z38dykw37c7qam75zvpwrxkya7r4aay07rfjqglscqwx
7440947,668d8b05449509cdda2d0ee97458c034ec6a5def93b20ba4b2e1cf2cdbfbd008,0,16,9,dero1qyhjxwyr03fw2ukqjd2t9l6npr6p4e4ghmqt4jhcrcnw46d8zprekqqenphxa
7440947,668d8b05449509cdda2d0ee97458c034ec6a5def93b20ba4b2e1cf2cdbfbd008,0,16,10,dero1qyhscx28pxf8wh4v9wumszjc2ekstft49d9w2kuzqpc0392aghmqzqqw68ram
7440947,668d8b05449509cdda2d0ee97458c034ec6a5def93b20ba4b2e1cf2cdbfbd008,0,16,11,dero1qyklwtn9pgavlvdmqfdg2tyru6yyzp2ws3ww8e9pyxypltgxaev6xqg4lmg88
7440947,668d8b05449509cdda2d0ee97458c034ec6a5def93b20ba4b2e1cf2cdbfbd008,0,16,12,dero1qy47kkx5gqtjmt0wcnjjps0dt2zfkm2cqe6t92v7qmly46pndu346qqa60j6t
7440947,668d8b05449509cdda2d0ee97458c034ec6a5def93b20ba4b2e1cf2cdbfbd008,0,16,13,dero1qygunc3nsr6r39eu87klumyv5ecdk6r86czrr06t3zjg9mcyw4nuyqgkahlef
7440947,668d8b05449509cdda2d0ee97458c034ec6a5def93b20ba4b2e1cf2cdbfbd008,0,16,14,dero1qy2tt99kklmxjm0r38sgvr4uqzwmtny9yakdltru2gf2gffee4w4zqq52gfq3
7440947,668d8b05449509cdda2d0ee97458c034ec6a5def93b20ba4b2e1cf2cdbfbd008,0,16,15,dero1qyvdlyvfwe5hw7xzzgp49hey8x4qj6lj8q3ka2unsw9zz4k4hkpucqqvq0asx
7440972,eb3c02eff2b512e3653c15db8d05ba99cf67225cd06880cf72b04061f0677025,0,2,0,dero1qyj5qpmel4wtvwykz6ygd37gnhwwvcu6k2gfyfu6fa7cltywjyrjqqq3mcd40
7440972,eb3c02eff2b512e3653c15db8d05ba99cf67225cd06880cf72b04061f0677025,0,2,1,dero1qyp7jymemqxau86hfvs842zt5ytsd3pvegzml4q9rnwtd3fped866qqc2qph9
7440977,717460e448bd8818c938e7fcf57681ad3b67d2ed57a908da17ce5701494a0895,0,2,0,dero1qytf03jy2hkd2sxzxex02uxe78k88enzru06exf8nm28nl5rar7s6qgsaz72e
7440977,717460e448bd8818c938e7fcf57681ad3b67d2ed57a908da17ce5701494a0895,0,2,1,dero1qyj5qpmel4wtvwykz6ygd37gnhwwvcu6k2gfyfu6fa7cltywjyrjqqq3mcd40
7440998,6cbe2ddf0b420059c4fbad4b4d3f73e6d8191ec1d7f199e897ee93861045b0dc,0,16,0,dero1qyffearh69jlc6s3zwl5e23fepn7shj84jmvax2mhydcvyrn0j8c6qg73r947
7440998,6cbe2ddf0b420059c4fbad4b4d3f73e6d8191ec1d7f199e897ee93861045b0dc,0,16,1,dero1qyhlpu0hp29m02f9pxaptzyfe420er8h3s5adl6qr60tw4qvyt8pgqgqq4sre
7440998,6cbe2ddf0b420059c4fbad4b4d3f73e6d8191ec1d7f199e897ee93861045b0dc,0,16,2,dero1qyfv6mdhl0hga84mfyxdlzxkkjpf4qr2slk6g34neuvtfwc3ufpkkqq3pc9c2
7440998,6cbe2ddf0b420059c4fbad4b4d3f73e6d8191ec1d7f199e897ee93861045b0dc,0,16,3,dero1qy9e2ju56pnfj2qp03y8fkq4628n0x4gcwymemcjyldqs09mazw2uqq0ft8a5
7440998,6cbe2ddf0b420059c4fbad4b4d3f73e6d8191ec1d7f199e897ee93861045b0dc,0,16,4,dero1qy8xgs59yq23kzcj0mdmhrhpmyadt3nxgksc5ey9jwas6mdrkqjvvqgr23gmm
7440998,6cbe2ddf0b420059c4fbad4b4d3f73e6d8191ec1d7f199e897ee93861045b0dc,0,16,5,dero1qy5gft3yey5xy3uf2rwmuzhvcnaf83w9aml20jdsfwhhhwyzrfgs5qq60cjd6
7440998,6cbe2ddf0b420059c4fbad4b4d3f73e6d8191ec1d7f199e897ee93861045b0dc,0,16,6,dero1qyvz2cekfvttc09pe89n9jpsucrclh05wtg4yete7v7d6gctdusu6qgvan8cl
7440998,6cbe2ddf0b420059c4fbad4b4d3f73e6d8191ec1d7f199e897ee93861045b0dc,0,16,7,dero1qytfum0uxk4geudmmwun2s8eth32zp0cl522pk5xlcsy4amhhr3yyqgr3xwuc
7440998,6cbe2ddf0b420059c4fbad4b4d3f73e6d8191ec1d7f199e897ee93861045b0dc,0,16,8,dero1qyrt547ydu5xl2wq2jpct9wv2ujeapurczv66rdh39w70n3m82kfuqqt40ph7
7440998,6cbe2ddf0b420059c4fbad4b4d3f73e6d8191ec1d7f199e897ee93861045b0dc,0,16,9,dero1qygj5nq43pqfdhwf6vryxpjshaj9hzxw287le083h2crrxyg6tsesqqzvkafs
7440998,6cbe2ddf0b420059c4fbad4b4d3f73e6d8191ec1d7f199e897ee93861045b0dc,0,16,10,dero1qy8h5tr3f8676waqwh0s0l6w8cr9n2jxlsl57yskn5hecpc29t2ugqgqd5npq
7440998,6cbe2ddf0b420059c4fbad4b4d3f73e6d8191ec1d7f199e897ee93861045b0dc,0,16,11,dero1qy2huqj8szz37zgax3lpk63xgel6e4wpprg7h63zdwvjmdmudg7ayqgypkgp0
7440998,6cbe2ddf0b420059c4fbad4b4d3f73e6d8191ec1d7f199e897ee93861045b0dc,0,16,12,dero1qyq3clatpw0h0k9rn4cf4dfzhdd2j69xkacxh57w28zez9g6jnt46qg985kay
7440998,6cbe2ddf0b420059c4fbad4b4d3f73e6d8191ec1d7f199e897ee93861045b0dc,0,16,13,dero1qy0aedx4zk550ztfk7zsuapupvn6fp5s5s8swx4ujxdrp7jfwtd7jqg7hfstq
7440998,6cbe2ddf0b420059c4fbad4b4d3f73e6d8191ec1d7f199e897ee93861045b0dc,0,16,14,dero1qy8xrxfrm4ngzqel2szrvgnx5mmaw9uthxhzjn70k3q7vy0gf59nkqglmtmu8
7440998,6cbe2ddf0b420059c4fbad4b4d3f73e6d8191ec1d7f199e897ee93861045b0dc,0,16,15,dero1qy8w7hl2emmxuenv0t3uptmrzlmc4qjyj7724wtpzc5lffs84tj8xqghkdkcj
7441149,6315355b2ecb4897037f646d87f534a9ababfe2e0e5751c14b9d335461a22de8,0,2,0,dero1qyx0zq09tw2wy20umapvkx53w7jhutup6wkwuq77h0yqze6nmjju6qqf8eard
7441149,6315355b2ecb4897037f646d87f534a9ababfe2e0e5751c14b9d335461a22de8,0,2,1,dero1qyj5qpmel4wtvwykz6ygd37gnhwwvcu6k2gfyfu6fa7cltywjyrjqqq3mcd40
7441152,3e0b3f21e08db7e39d76d6ef1c6c3af7ac89dd94b92f66ef650307f73a4f0bb2,0,2,0,dero1qyhz70gtpvqu4t26c6qjc5zyu9gxg0j22q2yw6hnte27rf2rhw4acqq245azp
7441152,3e0b3f21e08db7e39d76d6ef1c6c3af7ac89dd94b92f66ef650307f73a4f0bb2,0,2,1,dero1qyj5qpmel4wtvwykz6ygd37gnhwwvcu6k2gfyfu6fa7cltywjyrjqqq3mcd40
7441157,dbddac4840ac79f0845a8ca96fea429ebab7d8be13ff618644193ecd2f924f5e,0,2,0,dero1qyw6kfq57xdzdx2980wg4q4eqchc7f4tz03r4ppllljl5uqx6x6lkqghcu6kf
7441157,dbddac4840ac79f0845a8ca96fea429ebab7d8be13ff618644193ecd2f924f5e,0,2,1,dero1qyj5qpmel4wtvwykz6ygd37gnhwwvcu6k2gfyfu6fa7cltywjyrjqqq3mcd40
7441172,7224230057367a7200c9ed7b3e9d63ec26e79089f7e096db9c5b4b089b44968e,0,2,0,dero1qyj5qpmel4wtvwykz6ygd37gnhwwvcu6k2gfyfu6fa7cltywjyrjqqq3mcd40
7441172,7224230057367a7200c9ed7b3e9d63ec26e79089f7e096db9c5b4b089b44968e,0,2,1,dero1qyvmt07untu82c8hj9ec7uwfm36jq2rvglx63jqanrqfpfxkmuqszqqrrkjxh
7441190,fd390678239ad215a6a34e2a0c4b9c28def3e2140fe84ad47f330d7cab2ed946,0,16,0,dero1qyrt547ydu5xl2wq2jpct9wv2ujeapurczv66rdh39w70n3m82kfuqqt40ph7
7441190,fd390678239ad215a6a34e2a0c4b9c28def3e2140fe84ad47f330d7cab2ed946,0,16,1,dero1qy87nxckpj357ghr4qgu9e8nhn9u93z79ju8glma7pj5k74uypcfjqq07nm44
7441190,fd390678239ad215a6a34e2a0c4b9c28def3e2140fe84ad47f330d7cab2ed946,0,16,2,dero1qyjv26tafdjrtn9mmcuc0kqvm37kuf5ryg29dqpsymqwlyu2lu78kqg7l5860
7441190,fd390678239ad215a6a34e2a0c4b9c28def3e2140fe84ad47f330d7cab2ed946,0,16,3,dero1qy2huqj8szz37zgax3lpk63xgel6e4wpprg7h63zdwvjmdmudg7ayqgypkgp0
7441190,fd390678239ad215a6a34e2a0c4b9c28def3e2140fe84ad47f330d7cab2ed946,0,16,4,dero1qyygpym5ulsmcwn7crdql23aw25rvd2njdg5k9wqm40nu2dvykw8yqgvf8sny
7441190,fd390678239ad215a6a34e2a0c4b9c28def3e2140fe84ad47f330d7cab2ed946,0,16,5,dero1qys35y0tkqmlrjxqe9fyxxpwn890xlpw62tn47wel2qepeq0tmsukqqdp7v02
7441190,fd390678239ad215a6a34e2a0c4b9c28def3e2140fe84ad47f330d7cab2ed946,0,16,6,dero1qyry4hgzhs0j34nsahwes5fl94q2wrn02387gdylug0gzv2g9yewzqgncgw8z
7441190,fd390678239ad215a6a34e2a0c4b9c28def3e2140fe84ad47f330d7cab2ed946,0,16,7,dero1qygwapp9t52zta9y68vn5kgwylr2xwm6vhu9jfl683r9ns46rlefsqgmsvjml
7441190,fd390678239ad215a6a34e2a0c4b9c28def3e2140fe84ad47f330d7cab2ed946,0,16,8,dero1qyhlnpyfj6hlfae28c4lqqtrw70kljvdqlnghghmhz95t0x68y28wqgx20awz
7441190,fd390678239ad215a6a34e2a0c4b9c28def3e2140fe84ad47f330d7cab2ed946,0,16,9,dero1qypw96zpgszkpft5d0janavalgnetuaturky5amgwnq0lth5lvz2vqgupe0qt
7441190,fd390678239ad215a6a34e2a0c4b9c28def3e2140fe84ad47f330d7cab2ed946,0,16,10,dero1qyjw48r0t5nnrhy7h6zcz2hxnmu4s2t4p4tm7wm049nu7aanq4xkkqg8m6pr6
7441190,fd390678239ad215a6a34e2a0c4b9c28def3e2140fe84ad47f330d7cab2ed946,0,16,11,dero1qy92lzkzvvtpj88wqhmnsmvdppgw9jrf6hl828gch0842uyxfyydgqqrvsgme
7441190,fd390678239ad215a6a34e2a0c4b9c28def3e2140fe84ad47f330d7cab2ed946,0,16,12,dero1qy29wfsypa7wy80fenra5spxfuwlnqtjk6qxxk8rp4x98slqmrqs7qqntlgw5
7441190,fd390678239ad215a6a34e2a0c4b9c28def3e2140fe84ad47f330d7cab2ed946,0,16,13,dero1qyq5m3awmnupzhgwznu67zh70jfj7kw3feecdhnr69rlf5saf9gzzqgcv6ve3
7441190,fd390678239ad215a6a34e2a0c4b9c28def3e2140fe84ad47f330d7cab2ed946,0,16,14,dero1qy9r52yyplj7g3skhnngla495qf76f0qr6vkn7jzpcnkqt0tf0zg2qqerrzxc
7441190,fd390678239ad215a6a34e2a0c4b9c28def3e2140fe84ad47f330d7cab2ed946,0,16,15,dero1qytz9f6ykzf9v4ycyethd6e8dcddhdahqrucfpqljp5q3pjde0zsxqg9r6nvg
7441192,48c37cd24fa114530b745993d95a8d1f0eadbf40760d5fefcf82064ca1354bdb,0,2,0,dero1qykq7kfdlnlurlq7457y2gdz00uah4dldpkd70de7qc94fj4xu0pxqqvmewqj
7441192,48c37cd24fa114530b745993d95a8d1f0eadbf40760d5fefcf82064ca1354bdb,0,2,1,dero1qyj5qpmel4wtvwykz6ygd37gnhwwvcu6k2gfyfu6fa7cltywjyrjqqq3mcd40
7441347,073cb18231e7f7158ae28dc34f77e5136d0641ba7393974cfabb0996a5496da1,0,32,0,dero1qydkue2x5c5xr0mps0jf5skpk9u5e94mcdc3ataj20mpu6fejekezqgsem5rn
7441347,073cb18231e7f7158ae28dc34f77e5136d0641ba7393974cfabb0996a5496da1,0,32,1,dero1qykv2372nk7l808phgldmgcp8wuq8jxj7dqd7nx9mdrem6dugynv6qqs6vcgl
7441347,073cb18231e7f7158ae28dc34f77e5136d0641ba7393974cfabb0996a5496da1,0,32,2,dero1qy2j0yq2n2suxlmd0z7s7dre25a3ye0ywenzlhe3xzmzzregukyh7qgrc0a9l
7441347,073cb18231e7f7158ae28dc34f77e5136d0641ba7393974cfabb0996a5496da1,0,32,3,dero1qyduwrt85xmhsxt0qmf49luthnpj5xahpj9hlndet9v6p0u6mccuvqq8mqucg
7441347,073cb18231e7f7158ae28dc34f77e5136d0641ba7393974cfabb0996a5496da1,0,32,4,dero1qyxn85rcen0m2s6fg6htcjrnsqcg45l8vz04p7vj6c53v02gtta2xqqy64m06
7441347,073cb18231e7f7158ae28dc34f77e5136d0641ba7393974cfabb0996a5496da1,0,32,5,dero1qy0yph4neqxg7mjyrrameuel9jra8rckt5rlxp8ekllsnju2pjt0wqqwtw9py
7441347,073cb18231e7f7158ae28dc34f77e5136d0641ba7393974cfabb0996a5496da1,0,32,6,dero1qydt5n59wnu0wt0mt9skfkptpnky7q0v7prh42en7lyg5sfagp7r5qqc0t9kj
7441347,073cb18231e7f7158ae28dc34f77e5136d0641ba7393974cfabb0996a5496da1,0,32,7,dero1qyxgm0hvfymurqmvjug2kzfdq76evzks8n5gep69a6kcs3q4dphjcqg7cmu59
7441347,073cb18231e7f7158ae28dc34f77e5136d0641ba7393974cfabb0996a5496da1,0,32,8,dero1qysu0h25ah7dql6nweaaw5uqqg0u60gxw3xq6hgxfzxlk6uyvt4huqgpj3lcg
7441347,073cb18231e7f7158ae28dc34f77e5136d0641ba7393974cfabb0996a5496da1,0,32,9,dero1qyhfjkw4anlmj94xs5e3n3wuars7qx80xm2ykwqly627qkhr43yt5qgjyuxzt
7441347,073cb18231e7f7158ae28dc34f77e5136d0641ba7393974cfabb0996a5496da1,0,32,10,dero1qyvcwydmntmmuh3c3krqvuc28w2kvms4s7xljm8njsgvnx09d4yn6qgryeagx
7441347,073cb18231e7f7158ae28dc34f77e5136d0641ba7393974cfabb0996a5496da1,0,32,11,dero1qyfflwcnla6nlh5l4p9a82gc65wwa7gtnmuxqx4n2eg4wtkgxwfxyqggq7rlz
7441347,073cb18231e7f7158ae28dc34f77e5136d0641ba7393974cfabb0996a5496da1,0,32,12,dero1qyhtjvta46n73vhzz5wjs8dknuwftrf7d3kudypz4r7txcrp7u9l5qg3c5q02
7441347,073cb18231e7f7158ae28dc34f77e5136d0641ba7393974cfabb0996a5496da1,0,32,13,dero1qywrppwqejpyu5e6fhwd778ukmrnmmdh9dv32zlzrytz59wn8kf8vqgf00m66
7441347,073cb18231e7f7158ae28dc34f77e5136d0641ba7393974cfabb0996a5496da1,0,32,14,dero1qyna39hda69gqqu9xtt63ap6thu5tgwvgkaef6t06rw64qe23awzxqg3wgt7j
7441347,073cb18231e7f7158ae28dc34f77e5136d0641ba7393974cfabb0996a5496da1,0,32,15,dero1qytwk7nd66rceu9ard2gyvd9yg06tlwkv3fka0444zwlvparlhk6vqg0a99yy
7441347,073cb18231e7f7158ae28dc34f77e5136d0641ba7393974cfabb0996a5496da1,0,32,16,dero1qykp7mnk0gq3dh80cgfp427vywer4vwadygjklcqaj2lmkhj5ryp2qqdlwhpe
7441347,073cb18231e7f7158ae28dc34f77e5136d0641ba7393974cfabb0996a5496da1,0,32,17,dero1qysq00pc4pa3y5zugrpfhekvd5vgdnjenvsg3ucpmqjm09sm9sdn7qgvfyleg
7441347,073cb18231e7f7158ae28dc34f77e5136d0641ba7393974cfabb0996a5496da1,0,32,18,dero1qy43rhmvtxn29wadtxpcwg4hh6ndl2mr0cy5p57lfhwwcgttdkwhvqqazuft8
7441347,073cb18231e7f7158ae28dc34f77e5136d0641ba7393974cfabb0996a5496da1,0,32,19,dero1qyhmjexrs96f0h5533r7zphupcwxsm37h6f0pnwdnp8qzfhcx2yruqgqguw7p
7441347,073cb18231e7f7158ae28dc34f77e5136d0641ba7393974cfabb0996a5496da1,0,32,20,dero1qywcc76yte5wl0c737jj0tvxujw8xay3trpnn8w24mx65cx4ds0xcqqknlsgr
7441347,073cb18231e7f7158ae28dc34f77e5136d0641ba7393974cfabb0996a5496da1,0,32,21,dero1qy46fax6ajg2mnfr58hv8h68y0h8qma3t24hk332q68ys50awu476qgzh2sqy
7441347,073cb18231e7f7158ae28dc34f77e5136d0641ba7393974cfabb0996a5496da1,0,32,22,dero1qy38tnpd00pgma2uryjqjuh9vpul9t609wwzmh5qekfzkz7whumc6qq8l0amw
7441347,073cb18231e7f7158ae28dc34f77e5136d0641ba7393974cfabb0996a5496da1,0,32,23,dero1qypem4vk0uu489vpfqryluk2pcllyr84p4qhu8lclptvamq2tnptsqqhhu2fg
7441347,073cb18231e7f7158ae28dc34f77e5136d0641ba7393974cfabb0996a5496da1,0,32,24,dero1qyjmq48af9rze97qhf6ygq3ekj2cnv6llv2sn8p7rufsjzvkn0mjzqg2t2m4t
7441347,073cb18231e7f7158ae28dc34f77e5136d0641ba7393974cfabb0996a5496da1,0,32,25,dero1qyp6vymws6na3fxw6s0ms5e3mp84u2088338slu9hvvw5cqlyueyvqqscstyu
7441347,073cb18231e7f7158ae28dc34f77e5136d0641ba7393974cfabb0996a5496da1,0,32,26,dero1qynx37pve0tp280ewxzlxfl54wtyt2tueduf5tt7s9suwacp7hj7qqgvkd2d3
7441347,073cb18231e7f7158ae28dc34f77e5136d0641ba7393974cfabb0996a5496da1,0,32,27,dero1qykxhrh0yywsgrt9ylwkaahj9y3zss9zvxk0njcd2umc8dzhqdvgvqqkw2emr
7441347,073cb18231e7f7158ae28dc34f77e5136d0641ba7393974cfabb0996a5496da1,0,32,28,dero1qynr0c3uu6uct3dd52lwyuzedrmeu2tyz6gmqzctz2mnugcxkevzkqghkmh5m
7441347,073cb18231e7f7158ae28dc34f77e5136d0641ba7393974cfabb0996a5496da1,0,32,29,dero1qy8k8nxev4k9vj4rsh8zpd5866pjw4dqgrf4ums2wgg43vl02jhajqqgtg972
7441347,073cb18231e7f7158ae28dc34f77e5136d0641ba7393974cfabb0996a5496da1,0,32,30,dero1qysf3f2qwj3r8k7q55qw6frcc6e57n4tj8pcdxwjz869gd49t6hkuqqq6dhx9
7441347,073cb18231e7f7158ae28dc34f77e5136d0641ba7393974cfabb0996a5496da1,0,32,31,dero1qygeqzdpdhhpxpvm50kfadkxhgmtnppvgfwhpl9u57hm689ysp5hzqq7gkxjn
7441425,29d179e0e4838191c66d5e1cbefae8958d950044c970f1dc872b9d99cb01c103,0,32,0,dero1qy8h7khxuhfd2wcneqmetz7dxjjx06ttcyzsst0ndsw2tq9slp0n5qgkpcadm
7441425,29d179e0e4838191c66d5e1cbefae8958d950044c970f1dc872b9d99cb01c103,0,32,1,dero1qy3jdd228n96ued020tyd009pxumcxzc3mqufndmhw67js4l4xu7wqqnmvlnt
7441425,29d179e0e4838191c66d5e1cbefae8958d950044c970f1dc872b9d99cb01c103,0,32,2,dero1qygn9a8uldpjzz9hem2mlhgzfqqjptat68f09zpds2qs4rxvzax02qg6r9emn
7441425,29d179e0e4838191c66d5e1cbefae8958d950044c970f1dc872b9d99cb01c103,0,32,3,dero1qyt5s63crt8f7gn6xkfugxarls4wvmclvxjnjzj69g33k2ce297xzqgkqq5um
7441425,29d179e0e4838191c66d5e1cbefae8958d950044c970f1dc872b9d99cb01c103,0,32,4,dero1qy8vctg3s5njqetdx757f32xn3rha0vchw6me2rh7kvkhfxvpg0tqqg7jwmlx
7441425,29d179e0e4838191c66d5e1cbefae8958d950044c970f1dc872b9d99cb01c103,0,32,5,dero1qy3z8jkuw3uzvjdsrg899q4jms70zrwcqsallkrg9ae4tv76n7tq5qg65zckx
7441425,29d179e0e4838191c66d5e1cbefae8958d950044c970f1dc872b9d99cb01c103,0,32,6,dero1qyf7n0zanu2syxautwftkx53u04d0lg30sl7shhvxjtj2u22xqfqvqglz2gu8
7441425,29d179e0e4838191c66d5e1cbefae8958d950044c970f1dc872b9d99cb01c103,0,32,7,dero1qynkwre6cft7u90ezfa889mm5mvmc2nuxhq74r7y7ypuscul0ps46qg6fmstg
7441425,29d179e0e4838191c66d5e1cbefae8958d950044c970f1dc872b9d99cb01c103,0,32,8,dero1qy2u5ejwqg6tlvsau6edk476wjzkwgsu0z7djzafful38mhdzc4l2qgn6rq7f
7441425,29d179e0e4838191c66d5e1cbefae8958d950044c970f1dc872b9d99cb01c103,0,32,9,dero1qy0mz4m6zppe5sxjtqnh8k920am447s8myg3semuj2plzvssweg8gqglu9pn7
7441425,29d179e0e4838191c66d5e1cbefae8958d950044c970f1dc872b9d99cb01c103,0,32,10,dero1qysf3f2qwj3r8k7q55qw6frcc6e57n4tj8pcdxwjz869gd49t6hkuqqq6dhx9
7441425,29d179e0e4838191c66d5e1cbefae8958d950044c970f1dc872b9d99cb01c103,0,32,11,dero1qyrd70eqz5d7cws8m60sqc8gg2a8fya5zxazvnmplurcv099z6yvgqqs3792m
7441425,29d179e0e4838191c66d5e1cbefae8958d950044c970f1dc872b9d99cb01c103,0,32,12,dero1qys0pn7sp9rh7wjmsqdsup3ws54nx35zlgxxuk89eyahq0afy0j8yqgu06xlf
7441425,29d179e0e4838191c66d5e1cbefae8958d950044c970f1dc872b9d99cb01c103,0,32,13,dero1qyxylw9rtyxlmamp08cu2s2a7ctf75avtw7axztgmajnp2d4fh6lcqge3xzht
7441425,29d179e0e4838191c66d5e1cbefae8958d950044c970f1dc872b9d99cb01c103,0,32,14,dero1qyz9mahaqpq0nadp3f9gwhhfjshp0f809gu8u8zlpx9sj8r58cszxqq5avh3x
7441425,29d179e0e4838191c66d5e1cbefae8958d950044c970f1dc872b9d99cb01c103,0,32,15,dero1qyz709madgyt6hmjt8ny9vu58d5zmlc4vpc3390f870nvaynvltmqqqryg7pw
7441425,29d179e0e4838191c66d5e1cbefae8958d950044c970f1dc872b9d99cb01c103,0,32,16,dero1qy2hk8plhr6a83ycpytrjhpgwl0g9uvkt9cxwck44nrp4duma6ckjqq73hdus
7441425,29d179e0e4838191c66d5e1cbefae8958d950044c970f1dc872b9d99cb01c103,0,32,17,dero1qynxu6qgzr9rvj4g0kc7vpc6crr5pvcyvmxd5kksqmyhqlayu0sfkqg4ezels
7441425,29d179e0e4838191c66d5e1cbefae8958d950044c970f1dc872b9d99cb01c103,0,32,18,dero1qyx0mf3venjr46pn0xeesgazqumhcnlju7drywtu3yjjpxk8y5xe5qqytn04c
7441425,29d179e0e4838191c66d5e1cbefae8958d950044c970f1dc872b9d99cb01c103,0,32,19,dero1qyyv6m7wrw2g70h6acamqla53l5ahf3k9hvphdzgfpypfvht8r44gqqe9cf3e
7441425,29d179e0e4838191c66d5e1cbefae8958d950044c970f1dc872b9d99cb01c103,0,32,20,dero1qydjp3phr7uc7hv6jh5hppdep0d3f0x3amhlj6vs7ul3vewj3glecqgldy9hh
7441425,29d179e0e4838191c66d5e1cbefae8958d950044c970f1dc872b9d99cb01c103,0,32,21,dero1qyrrufl4llmnt8mqf66g4jhvd6vld539pcujce2yazvnld8xe5w0zqqvlv0yn
7441425,29d179e0e4838191c66d5e1cbefae8958d950044c970f1dc872b9d99cb01c103,0,32,22,dero1qydw3w56kuhdcm6z2dj0dclmz7957qqr2024p637fzt7aqfq6aywkqgqdz0p3
7441425,29d179e0e4838191c66d5e1cbefae8958d950044c970f1dc872b9d99cb01c103,0,32,23,dero1qy4aex0ua5cc8z3ncppkdr3gnzntut4a532lz7y97kptml5kjkj06qgmjjcwr
7441425,29d179e0e4838191c66d5e1cbefae8958d950044c970f1dc872b9d99cb01c103,0,32,24,dero1qyshhru2ukmflq45pwn85h45hx5rjrw36wt5ugzywp4d73flg8sjxqqueukjh
7441425,29d179e0e4838191c66d5e1cbefae8958d950044c970f1dc872b9d99cb01c103,0,32,25,dero1qy2fzpqwt2uvz4mwfn687fujydnp95rk0npn7npmd9p9jp7wwtusqqqwuql3u
7441425,29d179e0e4838191c66d5e1cbefae8958d950044c970f1dc872b9d99cb01c103,0,32,26,dero1qyz5tnus6l2s6uguzg6trt0wemwslrgw49v3stgga20qagvfzh696qg4zzfq2
7441425,29d179e0e4838191c66d5e1cbefae8958d950044c970f1dc872b9d99cb01c103,0,32,27,dero1qy927en9u30tqxms450npxm53uxq3ezsxp76z0puwnuy4qcps4pngqgd3jpcg
7441425,29d179e0e4838191c66d5e1cbefae8958d950044c970f1dc872b9d99cb01c103,0,32,28,dero1qyth55sdmk6fzuzlc4q7fexr49u0z9x63hhlhq4pmtw54lr5lh2k5qqwrz7af
7441425,29d179e0e4838191c66d5e1cbefae8958d950044c970f1dc872b9d99cb01c103,0,32,29,dero1qy06gqtg9ccmm79w9j4689p4h7jqj867jkkhs6x80tx2ganvasdakqgr0fnpa
7441425,29d179e0e4838191c66d5e1cbefae8958d950044c970f1dc872b9d99cb01c103,0,32,30,dero1qyrwgdc48xx8zt8lptvh55q2epv060mp8xaws2e4wcaun89nzwhgcqglfu2cq
7441425,29d179e0e4838191c66d5e1cbefae8958d950044c970f1dc872b9d99cb01c103,0,32,31,dero1qy8zhfgxxw3hxtwvl75x0pt7pf9g58uzvuy7765lq39aj4sjqgyu6qq34n6fy
7441504,cc570571719051f20cda077911539f9406fc43f529c0cfb86b9efb0301f5c2a0,0,2,0,dero1qytp0lmmhj3kttzlckp8m92zhxz3th8a8kjk9zzqx7yscq52umsugqgzn3quh
7441504,cc570571719051f20cda077911539f9406fc43f529c0cfb86b9efb0301f5c2a0,0,2,1,dero1qyf4sr629eygquhsuwse0vx6n45uwa82sp2ep8qercywg3afk7pp2qgga8rht
7441504,cc570571719051f20cda077911539f9406fc43f529c0cfb86b9efb0301f5c2a0,1,2,0,dero1qytp0lmmhj3kttzlckp8m92zhxz3th8a8kjk9zzqx7yscq52umsugqgzn3quh
7441504,cc570571719051f20cda077911539f9406fc43f529c0cfb86b9efb0301f5c2a0,1,2,1,dero1qys4pu4mx4vu64jf484klkejlyuu3lke7je5pmhgvl3qpqjn3373sqg09n07q
7441504,cc570571719051f20cda077911539f9406fc43f529c0cfb86b9efb0301f5c2a0,2,2,0,dero1qytp0lmmhj3kttzlckp8m92zhxz3th8a8kjk9zzqx7yscq52umsugqgzn3quh
7441504,cc570571719051f20cda077911539f9406fc43f529c0cfb86b9efb0301f5c2a0,2,2,1,dero1qyntredc6s5d95474d942gs9agt3wg63568ypu33aqd0djmgfha6xqgfpxjas
7441510,9dc91dbcab6238cc179c305b3bb24265b6f3241d6381e6cd2930f04f3362da0e,0,2,0,dero1qydkj6dznyk5njmzr96hjcr5uj74anqqqv90mg39mtzm4d2dcpwsqqqk6zvve
7441510,9dc91dbcab6238cc179c305b3bb24265b6f3241d6381e6cd2930f04f3362da0e,0,2,1,dero1qytp0lmmhj3kttzlckp8m92zhxz3th8a8kjk9zzqx7yscq52umsugqgzn3quh
7441510,9dc91dbcab6238cc179c305b3bb24265b6f3241d6381e6cd2930f04f3362da0e,1,2,0,dero1qy07h9mk6xxf2k4x0ymdpezvksjy0talskhpvqmat3xk3d9wczg5jqqvwl0sn
7441510,9dc91dbcab6238cc179c305b3bb24265b6f3241d6381e6cd2930f04f3362da0e,1,2,1,dero1qytp0lmmhj3kttzlckp8m92zhxz3th8a8kjk9zzqx7yscq52umsugqgzn3quh
7441510,9dc91dbcab6238cc179c305b3bb24265b6f3241d6381e6cd2930f04f3362da0e,2,2,0,dero1qyxd3vcmsstpgmtvqcj2tqg96qyfx0y2cc37el4wq2yl365jgdfscqq63aq7p
7441510,9dc91dbcab6238cc179c305b3bb24265b6f3241d6381e6cd2930f04f3362da0e,2,2,1,dero1qytp0lmmhj3kttzlckp8m92zhxz3th8a8kjk9zzqx7yscq52umsugqgzn3quh
7441546,b00cc038ec2326a0d7cc70d0a27c1cfc78d97fe5cbcf11c7bbd0238e702235d6,0,32,0,dero1qyxqlepu3sfn8dfraqf7ykjnth9vmdmgt6j4y3fr6hn66a5gd8r4gqqfa3hce
7441546,b00cc038ec2326a0d7cc70d0a27c1cfc78d97fe5cbcf11c7bbd0238e702235d6,0,32,1,dero1qyzyf2vs776thqsf2ud6f3hskgmz0x0f72ktkrapav47su4fjveexqq5re9dy
7441546,b00cc038ec2326a0d7cc70d0a27c1cfc78d97fe5cbcf11c7bbd0238e702235d6,0,32,2,dero1qyzy59wjchnz8uqljnfnrufe24hdkfnqyrenymvx827aj6uq64x0jqq6cckc9
7441546,b00cc038ec2326a0d7cc70d0a27c1cfc78d97fe5cbcf11c7bbd0238e702235d6,0,32,3,dero1qywcm6rpps54nl202jmu44x677x36hmq653u2jdcq8a2u6ad8zgtcqgrm7utv
7441546,b00cc038ec2326a0d7cc70d0a27c1cfc78d97fe5cbcf11c7bbd0238e702235d6,0,32,4,dero1qy86j6uej5p0gtynpe4c67aqvtc3qtwz2zfj860rffytlwc4588eqqgrhfkdq
7441546,b00cc038ec2326a0d7cc70d0a27c1cfc78d97fe5cbcf11c7bbd0238e702235d6,0,32,5,dero1qyzhyk0hsszj4jgtj7lsj4ehfemx20ls4hm644qchfa9y98jm4vhwqgpgwet5
7441546,b00cc038ec2326a0d7cc70d0a27c1cfc78d97fe5cbcf11c7bbd0238e702235d6,0,32,6,dero1qyqvsh33seu22vzjywuyt7hctd9jc2d0ggm3dxfqf3umntxupmhawqgg4xtgq
7441546,b00cc038ec2326a0d7cc70d0a27c1cfc78d97fe5cbcf11c7bbd0238e702235d6,0,32,7,dero1qy8j4xdj2ugzu59vqelrhuts020hpd3xp798tl8jpdm0apstgnm62qgp2ud40
7441546,b00cc038ec2326a0d7cc70d0a27c1cfc78d97fe5cbcf11c7bbd0238e702235d6,0,32,8,dero1qyz8gl7zgs40sqfl894gmn0xq50vyx7khdujxjhndj22dvw08x28wqgffwd5q
7441546,b00cc038ec2326a0d7cc70d0a27c1cfc78d97fe5cbcf11c7bbd0238e702235d6,0,32,9,dero1qydufhfam7f36tjduargeunpkc7rkfz2lce09fm93pken8tsnlphjqq5m8dnu
7441546,b00cc038ec2326a0d7cc70d0a27c1cfc78d97fe5cbcf11c7bbd0238e702235d6,0,32,10,dero1qysf3f2qwj3r8k7q55qw6frcc6e57n4tj8pcdxwjz869gd49t6hkuqqq6dhx9
7441546,b00cc038ec2326a0d7cc70d0a27c1cfc78d97fe5cbcf11c7bbd0238e702235d6,0,32,11,dero1qyv0f30cwztfe2eufyk4kxn3zjqexmgk6wf9wjswsx8x8guuzt6avqqfl76cm
7441546,b00cc038ec2326a0d7cc70d0a27c1cfc78d97fe5cbcf11c7bbd0238e702235d6,0,32,12,dero1qy23yy4k9ku3ujume2thz00339rzhy3wntakgccj8wu93ttvcwmn5qgze524c
7441546,b00cc038ec2326a0d7cc70d0a27c1cfc78d97fe5cbcf11c7bbd0238e702235d6,0,32,13,dero1qy8w557kaz248z8g29cvw4dck2kgr5sg7elhgtxwrc74c40p7vrnxqgnsg7cf
7441546,b00cc038ec2326a0d7cc70d0a27c1cfc78d97fe5cbcf11c7bbd0238e702235d6,0,32,14,dero1qyqf4kvwf9wxcr65t8uux9k0xtef4yhtrp5na7m2dg6ukrsdyqndqqgutftxn
7441546,b00cc038ec2326a0d7cc70d0a27c1cfc78d97fe5cbcf11c7bbd0238e702235d6,0,32,15,dero1qy2rmt3yruvnr60ph8sxtrxx4jjl22m979lg9q9hcnsah89up4vuzqg603fdp
7441546,b00cc038ec2326a0d7cc70d0a27c1cfc78d97fe5cbcf11c7bbd0238e702235d6,0,32,16,dero1qyh06vauj7d5z7awh9y05a4jndhd2srksd8ypxkjuh85sdpn9yrykqqgytwjy
7441546,b00cc038ec2326a0d7cc70d0a27c1cfc78d97fe5cbcf11c7bbd0238e702235d6,0,32,17,dero1qy83agt3m9pr8rp0qmktwllj8cke8m3pd76md6ushtz2w4kaq3tqxqgsqe0zc
7441546,b00cc038ec2326a0d7cc70d0a27c1cfc78d97fe5cbcf11c7bbd0238e702235d6,0,32,18,dero1qywwml7559e60kpkg3mqdlhjwlxc4vys9lcvr0twraewt5fplw74wqqh6jl0n
7441546,b00cc038ec2326a0d7cc70d0a27c1cfc78d97fe5cbcf11c7bbd0238e702235d6,0,32,19,dero1qyhv4e4jwk20vpt5p6kwaxnswwvzrqgvrxncph29fv7l38n453rwvqqa2cfwh
7441546,b00cc038ec2326a0d7cc70d0a27c1cfc78d97fe5cbcf11c7bbd0238e702235d6,0,32,20,dero1qynd0act6769aghgml2q4740nq8q8sqwu2gprgtzl6m2ks56yyhyzqql362gv
7441546,b00cc038ec2326a0d7cc70d0a27c1cfc78d97fe5cbcf11c7bbd0238e702235d6,0,32,21,dero1qygyy87n30nsd7pgl46v3tqy7kk9v2khweenh5plgjeqlu6w89fhjqq6grn9u
7441546,b00cc038ec2326a0d7cc70d0a27c1cfc78d97fe5cbcf11c7bbd0238e702235d6,0,32,22,dero1qyjfsncme7av853jzz3asw3xg3w4qtdftxytxk7pmr63gaty0fyawqquau75t
7441546,b00cc038ec2326a0d7cc70d0a27c1cfc78d97fe5cbcf11c7bbd0238e702235d6,0,32,23,dero1qycp6sd820hu7kg047lz5n9lkxsxj2dnx2l3jjs2et43mcdtzswhvqg85dt4d
7441546,b00cc038ec2326a0d7cc70d0a27c1cfc78d97fe5cbcf11c7bbd0238e702235d6,0,32,24,dero1qyj5xxnrufnmk6ychs6vml2xcumz25xn54kckrzl9jekstkvqtrh7qgnnhe97
7441546,b00cc038ec2326a0d7cc70d0a27c1cfc78d97fe5cbcf11c7bbd0238e702235d6,0,32,25,dero1qync4rmntc2yk8s3tzsc2zd66ynaw0dym82f26yvv94jca35z3anjqgdmtfer
7441546,b00cc038ec2326a0d7cc70d0a27c1cfc78d97fe5cbcf11c7bbd0238e702235d6,0,32,26,dero1qy5h8d22hnywpdycpkgu3vh9yarw4h973jyrawu6n3wd09penqxxuqgx8n93f
7441546,b00cc038ec2326a0d7cc70d0a27c1cfc78d97fe5cbcf11c7bbd0238e702235d6,0,32,27,dero1qy4hg79nhlj0japg2zd00dxs7v6u88ajumcnxdlsvcfwjgm80quhyqqfwwatv
7441546,b00cc038ec2326a0d7cc70d0a27c1cfc78d97fe5cbcf11c7bbd0238e702235d6,0,32,28,dero1qyc9lmz9gc7wgh79mwxgvamr8kt0jvxaq9xppf63l4l3edpckk2zvqq40rt2y
7441546,b00cc038ec2326a0d7cc70d0a27c1cfc78d97fe5cbcf11c7bbd0238e702235d6,0,32,29,dero1qyp3yr2e3xtu906kgrqh75v7px9rvyrjywvxtuahhrxys2mtzn222qgn6hd38
7441546,b00cc038ec2326a0d7cc70d0a27c1cfc78d97fe5cbcf11c7bbd0238e702235d6,0,32,30,dero1qy3nmcsw93z57yclu70jtydplcx7jz9ucyl0tuzkh6mjpyt4eqq0yqqjd8ere
7441546,b00cc038ec2326a0d7cc70d0a27c1cfc78d97fe5cbcf11c7bbd0238e702235d6,0,32,31,dero1qy93zhyfw4ycusw9ydhpnlwlukdknllvj8csxn77rtkuacf4wrvuyqgmauuqd
7441622,255dd82c4ff19351ee4ab21284f6d35d954afa16eb06f266d86aa161cf8185aa,0,16,0,dero1qyhk3x7l09839qmfmf770rhn36fj6jxe08j2uyvnqqrjr9efefwcsqqxkqkfc
7441622,255dd82c4ff19351ee4ab21284f6d35d954afa16eb06f266d86aa161cf8185aa,0,16,1,dero1qy27drepxdcgfc0ddp7nswme59zg2jf9zl68ql50let9nz256fnccqqkz9pmt
7441622,255dd82c4ff19351ee4ab21284f6d35d954afa16eb06f266d86aa161cf8185aa,0,16,2,dero1qy2huqj8szz37zgax3lpk63xgel6e4wpprg7h63zdwvjmdmudg7ayqgypkgp0
7441622,255dd82c4ff19351ee4ab21284f6d35d954afa16eb06f266d86aa161cf8185aa,0,16,3,dero1qy2vh6ckz328cf2u2p6p5y09szdgmuzxcwlj6a8yge4manz3khqd7qg2pm3qc
7441622,255dd82c4ff19351ee4ab21284f6d35d954afa16eb06f266d86aa161cf8185aa,0,16,4,dero1qyrl07kaae3lnfve6p563ljjs9tvum43zfdf8aze6fv5wvlv5cms2qq5x2esy
7441622,255dd82c4ff19351ee4ab21284f6d35d954afa16eb06f266d86aa161cf8185aa,0,16,5,dero1qyzrqdehxxs3sgzjzcdjhhfagu0l7kp8f2prd2wfpnk96hxc4wln2qqlf3xrx
7441622,255dd82c4ff19351ee4ab21284f6d35d954afa16eb06f266d86aa161cf8185aa,0,16,6,dero1qyv9t9xd26fydttl7er2xe8754wc2zx5msmvljmcahn5hfzp9u4rxqqx8w2ft
7441622,255dd82c4ff19351ee4ab21284f6d35d954afa16eb06f266d86aa161cf8185aa,0,16,7,dero1qyvumzy85ut9hrf80fnq45kmk0v8z5tsjdpfury302jzpsy2xyfmzqqkz7h4y
7441622,255dd82c4ff19351ee4ab21284f6d35d954afa16eb06f266d86aa161cf8185aa,0,16,8,dero1qywjvpjwemgfeq6y76vlzvgc9u66gmhx4c9n3m9h0suqytrehcs55qqjl5jh6
7441622,255dd82c4ff19351ee4ab21284f6d35d954afa16eb06f266d86aa161cf8185aa,0,16,9,dero1qyk672pkn6erxf2x44ak0j4z4fdgsn7lakrjvpgpzrqzs6mhs77psqq6cqvst
7441622,255dd82c4ff19351ee4ab21284f6d35d954afa16eb06f266d86aa161cf8185aa,0,16,10,dero1qyyvfue8v7d3rghlrlcpn93zr8f7mqqcfsyem6fl6qu4je770waejqqym97f0
7441622,255dd82c4ff19351ee4ab21284f6d35d954afa16eb06f266d86aa161cf8185aa,0,16,11,dero1qyx5eqap7s3a35psafpxkme2d37guv5mz9sthv8daw7vvnq4mg93zqqm2pkhj
7441622,255dd82c4ff19351ee4ab21284f6d35d954afa16eb06f266d86aa161cf8185aa,0,16,12,dero1qyp4k23z59ss9wlxvunssjg5czpjmrewuumzn0sjrekra3epgzuexqgdtaw9z
7441622,255dd82c4ff19351ee4ab21284f6d35d954afa16eb06f266d86aa161cf8185aa,0,16,13,dero1qyrt547ydu5xl2wq2jpct9wv2ujeapurczv66rdh39w70n3m82kfuqqt40ph7
7441622,255dd82c4ff19351ee4ab21284f6d35d954afa16eb06f266d86aa161cf8185aa,0,16,14,dero1qy34z5z6s74ayph9nr557jml5dquqymjns3afsfrap0qnpsmlczv5qqgkjxf4
7441622,255dd82c4ff19351ee4ab21284f6d35d954afa16eb06f266d86aa161cf8185aa,0,16,15,dero1qyxrdfc6effyl9kku7kfx3gaxzhf0ewtee52m55d42xwckzvdmx4jqqfp2n8y
7441701,e0377651afe9582b611246be27620917c362e6cd35726f548f7a328910f03954,0,32,0,dero1qy8jsyk573s7p7zhq5ew25uud7va2mhfc779l0mllkrpsuxyky58wqg69amla
7441701,e0377651afe9582b611246be27620917c362e6cd35726f548f7a328910f03954,0,32,1,dero1qytewewyv0r62z0nx4mkdfq05xmrgrul6qchlnvk2h80n83nj06avqgsysvv5
7441701,e0377651afe9582b611246be27620917c362e6cd35726f548f7a328910f03954,0,32,2,dero1qyyjvc04a8puw0kxk64vmuugz2yyz4d4h3yfuq8hsw6hpcdven68qqg6c2kp0
7441701,e0377651afe9582b611246be27620917c362e6cd35726f548f7a328910f03954,0,32,3,dero1qy8uqsy0vhd7aymmgah0n4fda6adxf8vjtgw7uyf57ypekgvzmyd2qq28zmpq
7441701,e0377651afe9582b611246be27620917c362e6cd35726f548f7a328910f03954,0,32,4,dero1qyf7vsdsm03ckn2w9cxxmh75kp2qsyfj54dq2r4a7vq8t9s2jf4dwqgk2smvm
7441701,e0377651afe9582b611246be27620917c362e6cd35726f548f7a328910f03954,0,32,5,dero1qy5g7t76hyq7kj443fgvj4fz75ktx2cxcf5lc9v6q8l9lncpuqkvgqqrttdkd
7441701,e0377651afe9582b611246be27620917c362e6cd35726f548f7a328910f03954,0,32,6,dero1qy98d0vhh3zsklfrcnlxa2fsd0d0a2g5kps68603zcs9zpsa0sm05qgyvfw0u
7441701,e0377651afe9582b611246be27620917c362e6cd35726f548f7a328910f03954,0,32,7,dero1qy8nzgtg0knccrksetxfukamyz43rzc6wwy4n2kljqlh2y03ld976qqxqj9q0
7441701,e0377651afe9582b611246be27620917c362e6cd35726f548f7a328910f03954,0,32,8,dero1qyvxxnw0y5ad0pym7hgg6wesjnv42nulmnwqe2j8z4f363hxf272vqqzpzvgw
7441701,e0377651afe9582b611246be27620917c362e6cd35726f548f7a328910f03954,0,32,9,dero1qyqsr8davg2xtdlzr673ht4v5f8elg9qld3fdj89xj2p3nyn9fv2wqq80krjh
7441701,e0377651afe9582b611246be27620917c362e6cd35726f548f7a328910f03954,0,32,10,dero1qycpn9yegkqcejvlnffu6gfkk3s84nuj0jkeuhjvkw6emdehl3l5sqq4sl8ck
7441701,e0377651afe9582b611246be27620917c362e6cd35726f548f7a328910f03954,0,32,11,dero1qy2cck95c8vn5a4yzjstuuun2m93cwcqt8u5cn09rn3jutj0lnazzqgmhaeq8
7441701,e0377651afe9582b611246be27620917c362e6cd35726f548f7a328910f03954,0,32,12,dero1qytnqwhdrst53degv7kxaf6avaguzl0kengneqmqfy5ak73g96w2sqgltt969
7441701,e0377651afe9582b611246be27620917c362e6cd35726f548f7a328910f03954,0,32,13,dero1qy30j3rlfc0l0zx2ks4t2uh9hetupg3qsfmkqm40mf2mrfcgwd3gzqq2wudm5
7441701,e0377651afe9582b611246be27620917c362e6cd35726f548f7a328910f03954,0,32,14,dero1qy0vzt5xqeuf84k72pex4qrcvkxhzwlx8zslnwd4m4c3p8tp7f226qg7d0ufn
7441701,e0377651afe9582b611246be27620917c362e6cd35726f548f7a328910f03954,0,32,15,dero1qysf3f2qwj3r8k7q55qw6frcc6e57n4tj8pcdxwjz869gd49t6hkuqqq6dhx9
7441701,e0377651afe9582b611246be27620917c362e6cd35726f548f7a328910f03954,0,32,16,dero1qyxl0gnvlsz8vtw6kyvj5wp87v4kaltas54uz4mq2ek6k95j2j7vgqgwtvaeh
7441701,e0377651afe9582b611246be27620917c362e6cd35726f548f7a328910f03954,0,32,17,dero1qyr4ntjmpwe3gzlcplwydtwaclc8s3t0q8vtuu4zdcvzszzz9vtruqghgspl4
7441701,e0377651afe9582b611246be27620917c362e6cd35726f548f7a328910f03954,0,32,18,dero1qyvshmr74sa587a05kcn7dspadfn5888k638aayhq5ttgu9zlqkakqqswvx0v
7441701,e0377651afe9582b611246be27620917c362e6cd35726f548f7a328910f03954,0,32,19,dero1qy92a86lhlk70m2937rpy52a2zxahx7ur8ahq5velmk7avhnuf94gqqrgwn23
7441701,e0377651afe9582b611246be27620917c362e6cd35726f548f7a328910f03954,0,32,20,dero1qy5k5guv6jpzyc8przkf8v48u84y9nf0wmtufjtyfp2ajz5a5z99zqg9e4srn
7441701,e0377651afe9582b611246be27620917c362e6cd35726f548f7a328910f03954,0,32,21,dero1qy3taq30pansp8c4j5llue80cpclg4kwrvmqaa82m39wpdu83e4jjqq4htkgd
7441701,e0377651afe9582b611246be27620917c362e6cd35726f548f7a328910f03954,0,32,22,dero1qy2c36jquycsh6me8hcfh84ky7fec2f5canw25hlkx7s6snnqvee5qg6ztf36
7441701,e0377651afe9582b611246be27620917c362e6cd35726f548f7a328910f03954,0,32,23,dero1qygu2ncg6gsmrnkcxynzyv6xzfacdjjpwuqxk29wx5s7834rzw93sqggcdtjm
7441701,e0377651afe9582b611246be27620917c362e6cd35726f548f7a328910f03954,0,32,24,dero1qysyjnu3k4m824xqzhul83a2py56js049w8fx0prvtysrjfc4v9zvqgjawxer
7441701,e0377651afe9582b611246be27620917c362e6cd35726f548f7a328910f03954,0,32,25,dero1qy98pqfawctuazy7226rczeswjpmvs63w8nlc5azfddx4x5kjsskzqqz8uqxj
7441701,e0377651afe9582b611246be27620917c362e6cd35726f548f7a328910f03954,0,32,26,dero1qy22f3w4xprk03l6gx8tq9fgaze52lldrttkd7eyr4y4r923uztc6qqevjhuk
7441701,e0377651afe9582b611246be27620917c362e6cd35726f548f7a328910f03954,0,32,27,dero1qyvzleqfng92fupae65zdjarnd7484lsdrpatrf7fvxqvg52ggj0zqgccj5un
7441701,e0377651afe9582b611246be27620917c362e6cd35726f548f7a328910f03954,0,32,28,dero1qyqjetpd65c0gjc3cp35kvuj0v248s2f8q3cjc6z9z287fsn5trncqg20npky
7441701,e0377651afe9582b611246be27620917c362e6cd35726f548f7a328910f03954,0,32,29,dero1qy328rdd43ee2sm0vll2u83tdvmldncccnhznwma7ea4r49nsfu72qq0jd7zy
7441701,e0377651afe9582b611246be27620917c362e6cd35726f548f7a328910f03954,0,32,30,dero1qyvq9ck7ht6klnv0l07clr7kheyfap068s8y36c6dqcgcl48kxrgqqgprpa9v
7441701,e0377651afe9582b611246be27620917c362e6cd35726f548f7a328910f03954,0,32,31,dero1qyqdmn90hap6r5unpew2wruzsx868eydcc8rgsrfg6qxm08lya0q2qg9ca6cx
7441761,700f1cf9ea99849905b5e2bbfce37645ca11f60c59b6333667684042e717df56,0,16,0,dero1qysrczky03yewqg6fmyd59eg0dm0qwfg8xw2ftfmmv3tj094p68djqq7etvv4
7441761,700f1cf9ea99849905b5e2bbfce37645ca11f60c59b6333667684042e717df56,0,16,1,dero1qyj7xx483rffyhjcnjt8hs3l4m65kvqe2hngj895pl69kmeffu9t2qglz97vq
7441761,700f1cf9ea99849905b5e2bbfce37645ca11f60c59b6333667684042e717df56,0,16,2,dero1qywf4649sqwhueq0wely7wyy6a0r4h3kyw9ygvqm72t0p9wp3wg4uqg5mctwg
7441761,700f1cf9ea99849905b5e2bbfce37645ca11f60c59b6333667684042e717df56,0,16,3,dero1qykdcarcsey2jfaw5f94wszw997juv0q99xjxq4nr6vh8u2zutwqqqgy44yev
7441761,700f1cf9ea99849905b5e2bbfce37645ca11f60c59b6333667684042e717df56,0,16,4,dero1qywlleh7md5pcdwq449z9ld7tjp0h0u2qcjc8eraaeg2y94d8fryqqqz8gdxp
7441761,700f1cf9ea99849905b5e2bbfce37645ca11f60c59b6333667684042e717df56,0,16,5,dero1qyrt547ydu5xl2wq2jpct9wv2ujeapurczv66rdh39w70n3m82kfuqqt40ph7
7441761,700f1cf9ea99849905b5e2bbfce37645ca11f60c59b6333667684042e717df56,0,16,6,dero1qyprlg76j2kph082mnu3ucw9382k67yfec584n9lt5z3ga5w87rtuqqxcgywg
7441761,700f1cf9ea99849905b5e2bbfce37645ca11f60c59b6333667684042e717df56,0,16,7,dero1qyty8gjzcj8qmx6sw4k7cee0shc8ld87qr0nv50s845lwpmdtwt35qg68j0qj
7441761,700f1cf9ea99849905b5e2bbfce37645ca11f60c59b6333667684042e717df56,0,16,8,dero1qyjg9m0jfanauyzgkuhnu6485gt8mrq7x2tflc5f4js42e3v0k7usqg4r5t4a
7441761,700f1cf9ea99849905b5e2bbfce37645ca11f60c59b6333667684042e717df56,0,16,9,dero1qyd95juljgg4j9fawf405n3pnt37tuh2el7l4znjcxrmyq3hcnsl2qg0fe9uh
7441761,700f1cf9ea99849905b5e2bbfce37645ca11f60c59b6333667684042e717df56,0,16,10,dero1qytnm49rf06d4v5lcuz7tya2m55ucacnawdcnxv596easudkfhyc2qq7cfa6m
7441761,700f1cf9ea99849905b5e2bbfce37645ca11f60c59b6333667684042e717df56,0,16,11,dero1qy07h9mk6xxf2k4x0ymdpezvksjy0talskhpvqmat3xk3d9wczg5jqqvwl0sn
7441761,700f1cf9ea99849905b5e2bbfce37645ca11f60c59b6333667684042e717df56,0,16,12,dero1qyzkurzau0w7lzgrfv8l0qpyh52z6g0mzca0ds86m39me7zw78unxqqquu9fe
7441761,700f1cf9ea99849905b5e2bbfce37645ca11f60c59b6333667684042e717df56,0,16,13,dero1qyc9yv9ht9mads2m9za7yv2d5w9dj9mpjm76dnzkryl90llvvza9kqqnjhzzq
7441761,700f1cf9ea99849905b5e2bbfce37645ca11f60c59b6333667684042e717df56,0,16,14,dero1qyq2hhk0ty38gh48l7f49urnvuz4dpmk6pvn6k38rvdv2xe98fheqqq7uzudz
7441761,700f1cf9ea99849905b5e2bbfce37645ca11f60c59b6333667684042e717df56,0,16,15,dero1qysf4kfy00yutdesuypymcj6kdnyhmg74asjkksfsakyp7h5lcfr6qg56j4cu
7441769,89ce127e186427a0adbea54c707036bb4733ae10e84231c79e4ee7bf424584cf,0,2,0,dero1qyw9x2yngjr50ld0lgy9h9zeq03sx7hxesdgt7rwurcufkxc8hlfwqgr6xgmf
7441769,89ce127e186427a0adbea54c707036bb4733ae10e84231c79e4ee7bf424584cf,0,2,1,dero1qyj5qpmel4wtvwykz6ygd37gnhwwvcu6k2gfyfu6fa7cltywjyrjqqq3mcd40
7441772,f4dd3859bdd2b940636109353ced6c661cdfac99acabae4272bf7152a76e1ae5,0,2,0,dero1qyh5n9u6zqtzkqwwtqa6tr9tvx6qju6admqsxpfnwz7uehfkrv27jqqdmsphy
7441772,f4dd3859bdd2b940636109353ced6c661cdfac99acabae4272bf7152a76e1ae5,0,2,1,dero1qyj5qpmel4wtvwykz6ygd37gnhwwvcu6k2gfyfu6fa7cltywjyrjqqq3mcd40
7441776,ca3b0baac6f67c6739c8316c51c75d7a95c8949541fc73730b9d8b9aa7324d47,0,2,0,dero1qyn79hvatlv89wtfcjnsmk7z2w34l0r66uvdjfmzjd8szv7lc00t5qg83mn2z
7441776,ca3b0baac6f67c6739c8316c51c75d7a95c8949541fc73730b9d8b9aa7324d47,0,2,1,dero1qy3yv3cjyve0w04e3u62un4076ymq27k5e8czhenx70jxxq894m3wqqtje0e3
7441811,bf2871d3de8a5380b45e0e0fc42061509200134503688787ba2dc54e7b864d3e,0,2,0,dero1qyjzzqm4jrr4nmuhgsnxr3wks7mqdxlayhcx540l2rw2zp48pypxvqqaqxds6
7441811,bf2871d3de8a5380b45e0e0fc42061509200134503688787ba2dc54e7b864d3e,0,2,1,dero1qy079t58pd58fd8dy3e2hhq92jh9kkncn32p9neckncphnw5088nxqqp9taah
7441811,bf2871d3de8a5380b45e0e0fc42061509200134503688787ba2dc54e7b864d3e,1,2,0,dero1qysrczky03yewqg6fmyd59eg0dm0qwfg8xw2ftfmmv3tj094p68djqq7etvv4
7441811,bf2871d3de8a5380b45e0e0fc42061509200134503688787ba2dc54e7b864d3e,1,2,1,dero1qy079t58pd58fd8dy3e2hhq92jh9kkncn32p9neckncphnw5088nxqqp9taah
7441811,bf2871d3de8a5380b45e0e0fc42061509200134503688787ba2dc54e7b864d3e,2,2,0,dero1qy079t58pd58fd8dy3e2hhq92jh9kkncn32p9neckncphnw5088nxqqp9taah
7441811,bf2871d3de8a5380b45e0e0fc42061509200134503688787ba2dc54e7b864d3e,2,2,1,dero1qy80wpknu480kkf0kemf92sm34t4lynwts85mh3m6us4l4dmuxvqzqgpzpx6a
7441811,bf2871d3de8a5380b45e0e0fc42061509200134503688787ba2dc54e7b864d3e,3,2,0,dero1qype0r5uv28n4v0z9ejfsuk4umu65c6tlv2phd4rdj9h4rh6vt6psqqx7a6es
7441811,bf2871d3de8a5380b45e0e0fc42061509200134503688787ba2dc54e7b864d3e,3,2,1,dero1qy079t58pd58fd8dy3e2hhq92jh9kkncn32p9neckncphnw5088nxqqp9taah
7441813,0f9acf09ab928872a7a22de6b364864af82cbd3dbeaa5634e4c53f5bb3ea6e6f,0,2,0,dero1qyqu2g0frwwredt9l6eje7q8tyzr0huwq5dk4j9dvq3zey3antl8yqga6ce73
7441813,0f9acf09ab928872a7a22de6b364864af82cbd3dbeaa5634e4c53f5bb3ea6e6f,0,2,1,dero1qy5yyl8vtpxwxg26z44urk35eav97kr7mnm7fyzefhh6sxd6hqc5xqqzakrem
7441813,0f9acf09ab928872a7a22de6b364864af82cbd3dbeaa5634e4c53f5bb3ea6e6f,1,2,0,dero1qy5yyl8vtpxwxg26z44urk35eav97kr7mnm7fyzefhh6sxd6hqc5xqqzakrem
7441813,0f9acf09ab928872a7a22de6b364864af82cbd3dbeaa5634e4c53f5bb3ea6e6f,1,2,1,dero1qyr386grh5d8q4wtdhf4vatq8480qpf8hn5w8pam6qderuken0wzgqg7chz5g
7441813,0f9acf09ab928872a7a22de6b364864af82cbd3dbeaa5634e4c53f5bb3ea6e6f,2,2,0,dero1qy5yyl8vtpxwxg26z44urk35eav97kr7mnm7fyzefhh6sxd6hqc5xqqzakrem
7441813,0f9acf09ab928872a7a22de6b364864af82cbd3dbeaa5634e4c53f5bb3ea6e6f,2,2,1,dero1qyntredc6s5d95474d942gs9agt3wg63568ypu33aqd0djmgfha6xqgfpxjas
7441813,0f9acf09ab928872a7a22de6b364864af82cbd3dbeaa5634e4c53f5bb3ea6e6f,3,2,0,dero1qy5yyl8vtpxwxg26z44urk35eav97kr7mnm7fyzefhh6sxd6hqc5xqqzakrem
7441813,0f9acf09ab928872a7a22de6b364864af82cbd3dbeaa5634e4c53f5bb3ea6e6f,3,2,1,dero1qy0apfeu386npt57h700sqp8l5mne8n0tf62kw6zgggxjlxju9aygqg2nx5kj
7441813,0f9acf09ab928872a7a22de6b364864af82cbd3dbeaa5634e4c53f5bb3ea6e6f,4,2,0,dero1qy5yyl8vtpxwxg26z44urk35eav97kr7mnm7fyzefhh6sxd6hqc5xqqzakrem
7441813,0f9acf09ab928872a7a22de6b364864af82cbd3dbeaa5634e4c53f5bb3ea6e6f,4,2,1,dero1qyx2p7x29cdtxdd9qhkhddkztxyzkgmvasxpqwk4chkxhqktwfql6qq06k5q9
7441813,0f9acf09ab928872a7a22de6b364864af82cbd3dbeaa5634e4c53f5bb3ea6e6f,5,2,0,dero1qygv79qdhfggs2t3n2jjq6r4ulczfmgeh9fgay8ndz9w9qt944c2qqqhk8zwk
7441813,0f9acf09ab928872a7a22de6b364864af82cbd3dbeaa5634e4c53f5bb3ea6e6f,5,2,1,dero1qy5yyl8vtpxwxg26z44urk35eav97kr7mnm7fyzefhh6sxd6hqc5xqqzakrem
7441814,4654ad77fde86bb1a01c727173e659cfe4d16f28b2e5f645a59a14e6591b84b6,0,2,0,dero1qydkj6dznyk5njmzr96hjcr5uj74anqqqv90mg39mtzm4d2dcpwsqqqk6zvve
7441814,4654ad77fde86bb1a01c727173e659cfe4d16f28b2e5f645a59a14e6591b84b6,0,2,1,dero1qy079t58pd58fd8dy3e2hhq92jh9kkncn32p9neckncphnw5088nxqqp9taah
7441814,4654ad77fde86bb1a01c727173e659cfe4d16f28b2e5f645a59a14e6591b84b6,1,2,0,dero1qy4h2frzj2jvk362mtzs6kt44mdpmp5whjjf89a5rster4k27yafuqg6l4zfx
7441814,4654ad77fde86bb1a01c727173e659cfe4d16f28b2e5f645a59a14e6591b84b6,1,2,1,dero1qy079t58pd58fd8dy3e2hhq92jh9kkncn32p9neckncphnw5088nxqqp9taah
7441814,4654ad77fde86bb1a01c727173e659cfe4d16f28b2e5f645a59a14e6591b84b6,2,2,0,dero1qyxd3vcmsstpgmtvqcj2tqg96qyfx0y2cc37el4wq2yl365jgdfscqq63aq7p
7441814,4654ad77fde86bb1a01c727173e659cfe4d16f28b2e5f645a59a14e6591b84b6,2,2,1,dero1qy079t58pd58fd8dy3e2hhq92jh9kkncn32p9neckncphnw5088nxqqp9taah
7441820,cbe67f107d8b19d44b0071732f717791cacc87d2af76e039f3e28bf37675d2e1,0,2,0,dero1qygtg52jl0hjscxn249da7p0utxjvvypk56h5fltqxmkcjcuj9cm5qgqp4dxd
7441820,cbe67f107d8b19d44b0071732f717791cacc87d2af76e039f3e28bf37675d2e1,0,2,1,dero1qyj5qpmel4wtvwykz6ygd37gnhwwvcu6k2gfyfu6fa7cltywjyrjqqq3mcd40
7441820,42e5350b0bb0492ff6e1ddc84ec91e7266104437d206dd405846e9b7fb93b402,0,2,0,dero1qy5yyl8vtpxwxg26z44urk35eav97kr7mnm7fyzefhh6sxd6hqc5xqqzakrem
7441820,42e5350b0bb0492ff6e1ddc84ec91e7266104437d206dd405846e9b7fb93b402,0,2,1,dero1qydkj6dznyk5njmzr96hjcr5uj74anqqqv90mg39mtzm4d2dcpwsqqqk6zvve
7441820,42e5350b0bb0492ff6e1ddc84ec91e7266104437d206dd405846e9b7fb93b402,1,2,0,dero1qy07h9mk6xxf2k4x0ymdpezvksjy0talskhpvqmat3xk3d9wczg5jqqvwl0sn
7441820,42e5350b0bb0492ff6e1ddc84ec91e7266104437d206dd405846e9b7fb93b402,1,2,1,dero1qy5yyl8vtpxwxg26z44urk35eav97kr7mnm7fyzefhh6sxd6hqc5xqqzakrem
7441820,42e5350b0bb0492ff6e1ddc84ec91e7266104437d206dd405846e9b7fb93b402,2,2,0,dero1qy5yyl8vtpxwxg26z44urk35eav97kr7mnm7fyzefhh6sxd6hqc5xqqzakrem
7441820,42e5350b0bb0492ff6e1ddc84ec91e7266104437d206dd405846e9b7fb93b402,2,2,1,dero1qyxd3vcmsstpgmtvqcj2tqg96qyfx0y2cc37el4wq2yl365jgdfscqq63aq7p
7441821,727dafcf9d647411ab5d140ffff33f7b4bf2d424d486aeb616e9d575406770bc,0,2,0,dero1qyj5qpmel4wtvwykz6ygd37gnhwwvcu6k2gfyfu6fa7cltywjyrjqqq3mcd40
7441821,727dafcf9d647411ab5d140ffff33f7b4bf2d424d486aeb616e9d575406770bc,0,2,1,dero1qydg9xf3zn0ajgkpj9mxu6m94m50zvr8h9f8d3rmue3rux273c2y7qg5s2xxc
7441827,f494c44357b4faf66b2b2889fc7f6e11f3a067c7a2271ef534ae8ce20ccd1dad,0,2,0,dero1qyn79hvatlv89wtfcjnsmk7z2w34l0r66uvdjfmzjd8szv7lc00t5qg83mn2z
7441827,f494c44357b4faf66b2b2889fc7f6e11f3a067c7a2271ef534ae8ce20ccd1dad,0,2,1,dero1qyv6rl9xtq5azawr4mes6w5ymdsfcm78taggk8mgr504v80flcse7qghc9x8u
7442157,e1ca40f03a6c84a74f7fd99c42b9a943ad1f4c8426aee8d4fad2666e63e2ef7f,0,2,0,dero1qy9x33sr65zahma989vmt0s6m06tytgv6xz6c37qrw8gnekgjmd8cqgxnnm0q
7442157,e1ca40f03a6c84a74f7fd99c42b9a943ad1f4c8426aee8d4fad2666e63e2ef7f,0,2,1,dero1qyj5qpmel4wtvwykz6ygd37gnhwwvcu6k2gfyfu6fa7cltywjyrjqqq3mcd40
7442171,3ac6cb5422928f26efb25e5915765ac1620cd72e6870c61ee24aded979b109ee,0,2,0,dero1qyfcwdzafrefks6we2kqnq60eu3hezn8g72dvj5knvlqek8a7tg2zqg5v8323
7442171,3ac6cb5422928f26efb25e5915765ac1620cd72e6870c61ee24aded979b109ee,0,2,1,dero1qyj5qpmel4wtvwykz6ygd37gnhwwvcu6k2gfyfu6fa7cltywjyrjqqq3mcd40
7442178,67165d28d64002a863985da2d1facd7c00cba485e4e0391f0f84a468e392fc09,0,2,0,dero1qyj5qpmel4wtvwykz6ygd37gnhwwvcu6k2gfyfu6fa7cltywjyrjqqq3mcd40
7442178,67165d28d64002a863985da2d1facd7c00cba485e4e0391f0f84a468e392fc09,0,2,1,dero1qy8netm7ey74mjmq9ztsnkgkztum2zg4a2p40fl7ku9zu9qd3mukxqq3ndpne
7442182,87c9f0469a3b1d1c67e307430b6d96d76e1338a39005097e85db70b082709530,0,32,0,dero1qyjdgltzhvf2yeer82kmuvhnu73e32cajmmvtrr3sgq04c00mxkacqg0x96z5
7442182,87c9f0469a3b1d1c67e307430b6d96d76e1338a39005097e85db70b082709530,0,32,1,dero1qynwy689h68pl8zgtjfa5d2ppj2shvn32aclfehc3pgxkyw2wwhcwqqkz2aut
7442182,87c9f0469a3b1d1c67e307430b6d96d76e1338a39005097e85db70b082709530,0,32,2,dero1qyvah5nxl5qe4jx70qzz9628pg6wmwesz4va0x2cslzuwgkas3nyvqqfny7xv
7442182,87c9f0469a3b1d1c67e307430b6d96d76e1338a39005097e85db70b082709530,0,32,3,dero1qy9qr6tj5rsnfgceea5jlwma37jfstwvqcsya3j52hjne4fn5wnrxqqrruzwv
7442182,87c9f0469a3b1d1c67e307430b6d96d76e1338a39005097e85db70b082709530,0,32,4,dero1qyfs6w0c5mehnt5fz9gf36xay5gjndhxzwtexs7ewhpne6em6sqm5qqg76f4m
7442182,87c9f0469a3b1d1c67e307430b6d96d76e1338a39005097e85db70b082709530,0,32,5,dero1qyg5ntwylvuzytv7kzpvlz83ufl24wnzv5ys9ut20433fhxcg3l5jqgh4tmhc
7442182,87c9f0469a3b1d1c67e307430b6d96d76e1338a39005097e85db70b082709530,0,32,6,dero1qyv4k7p3c5enstzm45nxghm77pm0htpyzdav652l7lhddg7wgxq4kqgfdrjlk
7442182,87c9f0469a3b1d1c67e307430b6d96d76e1338a39005097e85db70b082709530,0,32,7,dero1qykdtkyv3csu69x5e3998lex2tfs70wrx2pxzzzjz0ycmcnr6w22vqgntnthl
7442182,87c9f0469a3b1d1c67e307430b6d96d76e1338a39005097e85db70b082709530,0,32,8,dero1qyqdur2k5jpx6hsaf3dppu0vhagxupxecevsz7f378t9wzdnsnyzkqghn9pc4
7442182,87c9f0469a3b1d1c67e307430b6d96d76e1338a39005097e85db70b082709530,0,32,9,dero1qydtag3yaa62d3kfezlvetw3lsmahaclxma62jphune97f8h32e9vqg5khs8d
7442182,87c9f0469a3b1d1c67e307430b6d96d76e1338a39005097e85db70b082709530,0,32,10,dero1qy2sgzj0r67sk6haxwwsvx8z5cm6ycyxq75xzzkdxas6y62psnvwjqgnvqjuu
7442182,87c9f0469a3b1d1c67e307430b6d96d76e1338a39005097e85db70b082709530,0,32,11,dero1qyy23rp205mhaal2hvgl682jaa2cwf0kahfl895a4ft8akx6036xzqgc8jrf6
7442182,87c9f0469a3b1d1c67e307430b6d96d76e1338a39005097e85db70b082709530,0,32,12,dero1qy9kn64yj8us5jmq9wfwex0uzxnwwnkn2p2q8xcj6wq0ggj4emk6vqq0nmdr7
7442182,87c9f0469a3b1d1c67e307430b6d96d76e1338a39005097e85db70b082709530,0,32,13,dero1qy2y8j9lcav25ewa9cf96k3zz0apldg83h5h3gvnh7zv0543v0f3gqgqxvqnt
7442182,87c9f0469a3b1d1c67e307430b6d96d76e1338a39005097e85db70b082709530,0,32,14,dero1qypnqhtwzchzv8897kk853mmmca9z6f9xjhz7qk2wtsnjuvdpapfyqg3dufu2
7442182,87c9f0469a3b1d1c67e307430b6d96d76e1338a39005097e85db70b082709530,0,32,15,dero1qy5xmzyjev0pdv2023qcv7pxaqwumc2h7x9277mty5v7gk99042zkqgfdpqsl
7442182,87c9f0469a3b1d1c67e307430b6d96d76e1338a39005097e85db70b082709530,0,32,16,dero1qy4wt588pjqxsru9a63sl4ydfedn9y059yek30w3upg3mvscz3uu7qq6fd67q
7442182,87c9f0469a3b1d1c67e307430b6d96d76e1338a39005097e85db70b082709530,0,32,17,dero1qyjjs4hk7hh6yph5za5z3c3r303emce36e8hj3kzwt0xzme9mwg0vqgyc67xd
7442182,87c9f0469a3b1d1c67e307430b6d96d76e1338a39005097e85db70b082709530,0,32,18,dero1qy3vk089rc2ttrrr0kdw96aywqayalymzzj4njy8ajjw3lr59nxmuqgsrf8pk
7442182,87c9f0469a3b1d1c67e307430b6d96d76e1338a39005097e85db70b082709530,0,32,19,dero1qyy20gxwugu4f35ga0ata56p6kzcky7gqzend7y008cz72gypyq9cqqxt7rsc
7442182,87c9f0469a3b1d1c67e307430b6d96d76e1338a39005097e85db70b082709530,0,32,20,dero1qy4vvudq9eutdc2fql82jxarmsff8cjanllmqhawqee09frehann5qgcguqf5
7442182,87c9f0469a3b1d1c67e307430b6d96d76e1338a39005097e85db70b082709530,0,32,21,dero1qyvxqkczdy60wtuskmykh767p4p58fp6c6rg5gugfyquzwz8gy7kjqqjttdrn
7442182,87c9f0469a3b1d1c67e307430b6d96d76e1338a39005097e85db70b082709530,0,32,22,dero1qykemgld4s8tq9u3zsg7de5wel5ezmk6jsq92w5p7re2qp0f2ld8zqqlclcew
7442182,87c9f0469a3b1d1c67e307430b6d96d76e1338a39005097e85db70b082709530,0,32,23,dero1qy3j5ptu340yscl5rc0xmmnnse2ghrsg8mear7gfdqfhfjxqaghkwqgmxy68a
7442182,87c9f0469a3b1d1c67e307430b6d96d76e1338a39005097e85db70b082709530,0,32,24,dero1qykhvt9lt0aa9s9vrlxnsl4pl2t5220d0e3ty38899y3cyg86gxwsqgwdrela
7442182,87c9f0469a3b1d1c67e307430b6d96d76e1338a39005097e85db70b082709530,0,32,25,dero1qy8m33uq06sd2jch9u4k9he90a6skfg023k8vn8zp4ruftnqhwervqqesvanh
7442182,87c9f0469a3b1d1c67e307430b6d96d76e1338a39005097e85db70b082709530,0,32,26,dero1qysdt6pszkae9p4328n328vq5dcqtrjg8ty07z54llszj30rk0chuqq3cny4k
7442182,87c9f0469a3b1d1c67e307430b6d96d76e1338a39005097e85db70b082709530,0,32,27,dero1qywwhe2gjamaa9htadk9az2h9m2vsz2dqgav87n34qeyu4kvmeprkqqm7cn7p
7442182,87c9f0469a3b1d1c67e307430b6d96d76e1338a39005097e85db70b082709530,0,32,28,dero1qy2xkglnr0hczw3ykn6kgkjckkq6f32nfh6va6w3zpj89uvuajhjwqqcyfs47
7442182,87c9f0469a3b1d1c67e307430b6d96d76e1338a39005097e85db70b082709530,0,32,29,dero1qy2ltjx4fvcrtykk7yd7eqpqd9mu4nwfmdexlarqtjgzxh8j6ua2cqqql3l64
7442182,87c9f0469a3b1d1c67e307430b6d96d76e1338a39005097e85db70b082709530,0,32,30,dero1qysf3f2qwj3r8k7q55qw6frcc6e57n4tj8pcdxwjz869gd49t6hkuqqq6dhx9
7442182,87c9f0469a3b1d1c67e307430b6d96d76e1338a39005097e85db70b082709530,0,32,31,dero1qy5hknpgy7ds2gvc69s52sxy6ghjfd3xduj8wemcmf42mklggeumjqgr0rwwn
7442200,2a1b01772c773b2f7e0a43dc4a5b54c9e09707dfc066857d15395d6c00d6a3a3,0,2,0,dero1qyj5qpmel4wtvwykz6ygd37gnhwwvcu6k2gfyfu6fa7cltywjyrjqqq3mcd40
7442200,2a1b01772c773b2f7e0a43dc4a5b54c9e09707dfc066857d15395d6c00d6a3a3,0,2,1,dero1qyy5kc45cz5q5722cf2lzefhz0chjr0gnv35ghwv9j6gg8ry2du4xqgy3d6fj
7442202,64bdac57b3b083a52a223f8314d62bc6c05ccba4a285957bbe3e9bb10177e1d1,0,2,0,dero1qyj5qpmel4wtvwykz6ygd37gnhwwvcu6k2gfyfu6fa7cltywjyrjqqq3mcd40
7442202,64bdac57b3b083a52a223f8314d62bc6c05ccba4a285957bbe3e9bb10177e1d1,0,2,1,dero1qy9yh8n9844ygvurdn7y5f0vzctppf40j4fcdfrt3fsp0eezxy9w6qgz4l7h6
7442204,fddb1afc3a19262437323e3de4832ca983eb5e51f272a4a5952d308cfdc4dd44,0,2,0,dero1qyj5qpmel4wtvwykz6ygd37gnhwwvcu6k2gfyfu6fa7cltywjyrjqqq3mcd40
7442204,fddb1afc3a19262437323e3de4832ca983eb5e51f272a4a5952d308cfdc4dd44,0,2,1,dero1qy4sryjdnrz99y9w0f9zew8vmqxj2zhujwf0mh32gnaa8x9c2z5qcqq2e8rfn
7442205,a32fd6aa8de5c7ce2f8b58e4044651b33fdb69a8256e36c2b41e63ac62748228,0,2,0,dero1qyj45yk5v4mrvmdqtjgdlmr63zfcfdpxsesjn3cujtd8rfqvfakzvqq4ja4jl
7442205,a32fd6aa8de5c7ce2f8b58e4044651b33fdb69a8256e36c2b41e63ac62748228,0,2,1,dero1qyj5qpmel4wtvwykz6ygd37gnhwwvcu6k2gfyfu6fa7cltywjyrjqqq3mcd40
7442207,77400e5b3581405a03e331e589384eefb761c9583ae44f3a333071b8ba35247c,0,2,0,dero1qyztd50yaddfnkhu9qlqk662lg4vgc7ahp85gnlgj4mlur8efxrjuqg4h4lsa
7442207,77400e5b3581405a03e331e589384eefb761c9583ae44f3a333071b8ba35247c,0,2,1,dero1qyj5qpmel4wtvwykz6ygd37gnhwwvcu6k2gfyfu6fa7cltywjyrjqqq3mcd40
7442208,35438eb0bd972b50a339745603eea0a191e86964a1d807dfb25e02f4e0f400e3,0,2,0,dero1qyj5qpmel4wtvwykz6ygd37gnhwwvcu6k2gfyfu6fa7cltywjyrjqqq3mcd40
7442208,35438eb0bd972b50a339745603eea0a191e86964a1d807dfb25e02f4e0f400e3,0,2,1,dero1qy554jmw8lpu2zpsssvgs2d2dm48l8d7eulcnpa464q3fwsr567n6qg4qwrvj
7442211,d17dbaf7142c6f5c66b3adfbda1e9098a07d8984cf28c8f113e429a2851f427f,0,2,0,dero1qyj5qpmel4wtvwykz6ygd37gnhwwvcu6k2gfyfu6fa7cltywjyrjqqq3mcd40
7442211,d17dbaf7142c6f5c66b3adfbda1e9098a07d8984cf28c8f113e429a2851f427f,0,2,1,dero1qyr84g0s8a5dllydjpy6jwkpwp3q7naj6yq4z9cyn7px27nz44e9uqqs7rfg4
7442212,6dccb5451da2efa26ffb922cf55e6bb392d9718c6a0b836fde91f40c0fcbdcd3,0,2,0,dero1qy8khc5utkaprpd2nwwsfvsr3j5tmfx78mxysr5as77ww8fa7z6msqgecg3u8
7442212,6dccb5451da2efa26ffb922cf55e6bb392d9718c6a0b836fde91f40c0fcbdcd3,0,2,1,dero1qyj5qpmel4wtvwykz6ygd37gnhwwvcu6k2gfyfu6fa7cltywjyrjqqq3mcd40
7442214,93421f36aa09c8028fd092f62b4661228ab85177cb12e3337e25d8dd107aec6e,0,2,0,dero1qyj5qpmel4wtvwykz6ygd37gnhwwvcu6k2gfyfu6fa7cltywjyrjqqq3mcd40
7442214,93421f36aa09c8028fd092f62b4661228ab85177cb12e3337e25d8dd107aec6e,0,2,1,dero1qyrh5e0rrnlwjulj8ye7susjqy0aqyyv25la7lvyzc88cl7m003r6qqhq3pt0
7442216,7dd2bb4917b6d2d87fc959ec13bf3731cba2a48d722b638ee31f3ae8f7ee46da,0,2,0,dero1qyj5qpmel4wtvwykz6ygd37gnhwwvcu6k2gfyfu6fa7cltywjyrjqqq3mcd40
7442216,7dd2bb4917b6d2d87fc959ec13bf3731cba2a48d722b638ee31f3ae8f7ee46da,0,2,1,dero1qy9l7pwwjzk4wt5yanr3sdx7suz5xrtvafaqg3fygrsdydvlgpgw7qqn00k7u
7442235,9c6da3db7c59f2ec2550b674ae4b04fe1671ecad7babfd49956129d4a8302ee2,0,2,0,dero1qyvk3qq0v7rukcg8g4rpf8m9nlmrnr8gc276qjshymdwunls3yd0gqgmufa7y
7442235,9c6da3db7c59f2ec2550b674ae4b04fe1671ecad7babfd49956129d4a8302ee2,0,2,1,dero1qywygmdec7e4cnkgap4jhewvewr3m8mdf5a3lp0g2ttpkhujg8v22qg9feq2y
7442261,d53bc39af851213a1cf779b45f3dd8d543db47e6eddac197ecf849ebd6d9f7fd,0,2,0,dero1qyj5qpmel4wtvwykz6ygd37gnhwwvcu6k2gfyfu6fa7cltywjyrjqqq3mcd40
7442261,d53bc39af851213a1cf779b45f3dd8d543db47e6eddac197ecf849ebd6d9f7fd,0,2,1,dero1qy0rmxemxpvxe53yk8c6l7mcvugmz4m9gkq88skhhp67h0et4vf0gqqy45pa3
7442263,cd87ea12f19dabc4dd788dd5c6d4b57ecf55716d2ddbc3de3062dda9ffdfe535,0,2,0,dero1qyj5qpmel4wtvwykz6ygd37gnhwwvcu6k2gfyfu6fa7cltywjyrjqqq3mcd40
7442263,cd87ea12f19dabc4dd788dd5c6d4b57ecf55716d2ddbc3de3062dda9ffdfe535,0,2,1,dero1qyzq46cky5cy25xqv8gc7dcszsje7upxkhuzky8mwss6ku30hk6r2qqxe9wnj
7442267,c467be46ea818876ba22182919cefd786d75526c5a7c395173bd8f2339aaa49e,0,2,0,dero1qyhmap3q5c224vxj9m6zx75rtp2xlcmy9q4j6cad6kqe9cfqannuuqq9xx3ql
7442267,c467be46ea818876ba22182919cefd786d75526c5a7c395173bd8f2339aaa49e,0,2,1,dero1qyn79hvatlv89wtfcjnsmk7z2w34l0r66uvdjfmzjd8szv7lc00t5qg83mn2z
7442276,4a0a0ff70bd026f9031a1c1057c57bf1f7eb5deef86be4c0aaf29e9027bcba95,0,2,0,dero1qyyq0myscsnxtlj4v43xyyv4gs67sn3877maax3r72agkjcvyl9nxqg05vwuf
7442276,4a0a0ff70bd026f9031a1c1057c57bf1f7eb5deef86be4c0aaf29e9027bcba95,0,2,1,dero1qyj5qpmel4wtvwykz6ygd37gnhwwvcu6k2gfyfu6fa7cltywjyrjqqq3mcd40
7442280,fd7cc6f7d61b53cacb1feff4a6db4ab26c7a157197af4b14a3a787fc0471401f,0,2,0,dero1qyy7q6565h8mutvnusd42m4ur8ld0c6k02zrqjh6f9j6qqtz53tsqqgqvy5ng
7442280,fd7cc6f7d61b53cacb1feff4a6db4ab26c7a157197af4b14a3a787fc0471401f,0,2,1,dero1qyj5qpmel4wtvwykz6ygd37gnhwwvcu6k2gfyfu6fa7cltywjyrjqqq3mcd40
7442290,834331791a1a51b2f2d9f9ba60fc80fa590a5d8e208f6518d0e225ec0bea3eca,0,2,0,dero1qywygmdec7e4cnkgap4jhewvewr3m8mdf5a3lp0g2ttpkhujg8v22qg9feq2y
7442290,834331791a1a51b2f2d9f9ba60fc80fa590a5d8e208f6518d0e225ec0bea3eca,0,2,1,dero1qyh8f3elh3v3fjm0mpsperedfg0etcew0yvfyuhlcm79ym79fesj5qqge86lh
7442631,abfef604e09d52cc8b0329050692340add771061ea77f1e086295c67c852a0f5,0,2,0,dero1qy8rhn5q6f7hszlegxtywqg9u6w2r9rgjat6lh20sfm50qsl4f3fgqqxk7shn
7442631,abfef604e09d52cc8b0329050692340add771061ea77f1e086295c67c852a0f5,0,2,1,dero1qywygmdec7e4cnkgap4jhewvewr3m8mdf5a3lp0g2ttpkhujg8v22qg9feq2y
7443071,f23ca243212662ee63f83df07810dbc9a5f991e72582698f7fa3fdbc93d1b0ca,0,32,0,dero1qycz3j2vue293llmf8kt5604jmwn09wgtmnk04803a5fpnwh6k68xqgl2k7r9
7443071,f23ca243212662ee63f83df07810dbc9a5f991e72582698f7fa3fdbc93d1b0ca,0,32,1,dero1qydk05lcgak4qths0s40zwyj35euuxxsalhzwnsgpyq7my0uph35qqqgy2ay2
7443071,f23ca243212662ee63f83df07810dbc9a5f991e72582698f7fa3fdbc93d1b0ca,0,32,2,dero1qyx5jhm9etkc9mvpn08ng2ap6h9c4wa0vp3qltkar5xs6w3axf3vyqqyhc7n6
7443071,f23ca243212662ee63f83df07810dbc9a5f991e72582698f7fa3fdbc93d1b0ca,0,32,3,dero1qyxq74cd8tpvz4sjm7535t08qlqlnfvw2v9etx2w28x3p7v947s9zqqq0843g
7443071,f23ca243212662ee63f83df07810dbc9a5f991e72582698f7fa3fdbc93d1b0ca,0,32,4,dero1qy9avcykgmex8thkvg5mlzn0k03sdfyvx0xdkls38tgw5sg6kphd6qgmu0t9e
7443071,f23ca243212662ee63f83df07810dbc9a5f991e72582698f7fa3fdbc93d1b0ca,0,32,5,dero1qyhgrqvc8p2c59dcmrwukgt5qlz6xzxeznzyyl4j6qta6wf59swt5qg6fktcx
7443071,f23ca243212662ee63f83df07810dbc9a5f991e72582698f7fa3fdbc93d1b0ca,0,32,6,dero1qy2slm3tzygjd8dd52zrtktpqnsly98dy0c85r5j8pzn62sxymnjyqgy7hc66
7443071,f23ca243212662ee63f83df07810dbc9a5f991e72582698f7fa3fdbc93d1b0ca,0,32,7,dero1qy8jtw8xy7emgy9yx5m8ajdmuv8xnc544dmkvummawarn2a9ctnr2qg3eq9qj
7443071,f23ca243212662ee63f83df07810dbc9a5f991e72582698f7fa3fdbc93d1b0ca,0,32,8,dero1qysf3f2qwj3r8k7q55qw6frcc6e57n4tj8pcdxwjz869gd49t6hkuqqq6dhx9
7443071,f23ca243212662ee63f83df07810dbc9a5f991e72582698f7fa3fdbc93d1b0ca,0,32,9,dero1qy25t499r82as5vggf2rn8numgy4j8353cdmmhj34njf6fcg0u4axqqwd7cla
7443071,f23ca243212662ee63f83df07810dbc9a5f991e72582698f7fa3fdbc93d1b0ca,0,32,10,dero1qyyzx004jrp6p09nt5gjrelkycll63rqqrmazknskj48el9zzx6duqgm90dzg
7443071,f23ca243212662ee63f83df07810dbc9a5f991e72582698f7fa3fdbc93d1b0ca,0,32,11,dero1qy5v3fxx3ax5zwphpsjrnyrtljjt0n4nfj9729dy8z5tx3w2zdq72qgldnjws
7443071,f23ca243212662ee63f83df07810dbc9a5f991e72582698f7fa3fdbc93d1b0ca,0,32,12,dero1qyk63q3hm062rj6ftykvky5pk3lrjfaucxn7s7s0dgyez2fdr5wnqqgx9quds
7443071,f23ca243212662ee63f83df07810dbc9a5f991e72582698f7fa3fdbc93d1b0ca,0,32,13,dero1qy234v9ptvg7vduyv6npel05fpekj5n67t73m3hx6a287s49zsczzqgewdem9
7443071,f23ca243212662ee63f83df07810dbc9a5f991e72582698f7fa3fdbc93d1b0ca,0,32,14,dero1qy2256m4tvpq78gmk3f8d7rkfmgzz9apm5gkmp4wqv688un8c6dz2qqmxc2pr
7443071,f23ca243212662ee63f83df07810dbc9a5f991e72582698f7fa3fdbc93d1b0ca,0,32,15,dero1qyt33ruyz8gru94nm9sjxn6z4wjmlfqmmvr9ssh6g945htur4rh8gqgnms4f6
7443071,f23ca243212662ee63f83df07810dbc9a5f991e72582698f7fa3fdbc93d1b0ca,0,32,16,dero1qyz2t58lztm5rnyslgahtx632k80w5cv3h4fxm39x3u6t3zy9e73uqqlv6gtv
7443071,f23ca243212662ee63f83df07810dbc9a5f991e72582698f7fa3fdbc93d1b0ca,0,32,17,dero1qyvl9d2sgverg3d2x23ftgadqj4heg7y544cdy04ukv29sfh9e866qqeadcaa
7443071,f23ca243212662ee63f83df07810dbc9a5f991e72582698f7fa3fdbc93d1b0ca,0,32,18,dero1qygrgj2znze50ewk3wrndkws3dv4ha8avnykkyk2rj4arjm0tjn47qghqwsqr
7443071,f23ca243212662ee63f83df07810dbc9a5f991e72582698f7fa3fdbc93d1b0ca,0,32,19,dero1qyxn2lwh6p8q9hn4lj8wanal22mqcd5k6jccpk8ujt3uugmyn3g3vqgx8ahw8
7443071,f23ca243212662ee63f83df07810dbc9a5f991e72582698f7fa3fdbc93d1b0ca,0,32,20,dero1qy0zcn3s6prl9yt8kdrrfndtvp96t503mf7haph2rf9qnl9etvga7qqt02h0w
7443071,f23ca243212662ee63f83df07810dbc9a5f991e72582698f7fa3fdbc93d1b0ca,0,32,21,dero1qyssxtzlna97ftuuwe6hks3s4r862zjwd77xmu9dmx3wz4587ma65qqszn6zr
7443071,f23ca243212662ee63f83df07810dbc9a5f991e72582698f7fa3fdbc93d1b0ca,0,32,22,dero1qyktzwjgdcmvegk2pgpj0y0ktwkj3amx8t4l5lvvn3rkzwkyusz45qgsht9e8
7443071,f23ca243212662ee63f83df07810dbc9a5f991e72582698f7fa3fdbc93d1b0ca,0,32,23,dero1qy5q85pwzkkkle8phy0uwdh79uu7fuf64jrdr2vysmdyhndv0wjzqqqaja5xx
7443071,f23ca243212662ee63f83df07810dbc9a5f991e72582698f7fa3fdbc93d1b0ca,0,32,24,dero1qy4nfwqd956mf82qs2zyvrplx048rz3v440p8sgm20mlh79tdpx8xqq9cw66m
7443071,f23ca243212662ee63f83df07810dbc9a5f991e72582698f7fa3fdbc93d1b0ca,0,32,25,dero1qycp68zqv0557sjj0sf6ap5a5e3dqm68jvejeu90z8tncgxwz2a9kqg0dt3zh
7443071,f23ca243212662ee63f83df07810dbc9a5f991e72582698f7fa3fdbc93d1b0ca,0,32,26,dero1qy9fwz8s0m2f83pqsrs0paheg7xhr2r5n90a9490dhs6sm6j7kdl2qg4vrahh
7443071,f23ca243212662ee63f83df07810dbc9a5f991e72582698f7fa3fdbc93d1b0ca,0,32,27,dero1qy8lku5ayp09y78rj0dk4cmkdu5ypha64gq6cadljhvlyyuat0zygqqzzuq4h
7443071,f23ca243212662ee63f83df07810dbc9a5f991e72582698f7fa3fdbc93d1b0ca,0,32,28,dero1qyyfa3gwhxm5uldjt57xmc57ag3vcvy9kmxlkp4ynp049hcd5yrnqqgfmwkzq
7443071,f23ca243212662ee63f83df07810dbc9a5f991e72582698f7fa3fdbc93d1b0ca,0,32,29,dero1qy8ycfag47v0mdxchpj90ex7k7fvy0a2a79fkus8hz2994kt5zulzqgy0hck9
7443071,f23ca243212662ee63f83df07810dbc9a5f991e72582698f7fa3fdbc93d1b0ca,0,32,30,dero1qys69xafn8z66pjw8wgcmpmve8sq7mptzwnpv048w25pdck8snsn7qgy0ugfl
7443071,f23ca243212662ee63f83df07810dbc9a5f991e72582698f7fa3fdbc93d1b0ca,0,32,31,dero1qyswvlh9r80wdg6jwlquxe567sh9hdemu6hfr5z4r350r8ergsy06qgtj82f7
7443480,b412cc8d989bcedfdb6b96a9e0b217c68cfb2dffd7623a6ab5d413a639a0f0cd,0,32,0,dero1qykl97vqrpvr57srpyh6d5acmczd4ltw8zu9zcd6sugtmlqrgh8nqqqft40kt
7443480,b412cc8d989bcedfdb6b96a9e0b217c68cfb2dffd7623a6ab5d413a639a0f0cd,0,32,1,dero1qykxx2xkztz009nje5ecqhvg8tw8e8clmkkuyqd63qa0stw90ckhvqq2833g4
7443480,b412cc8d989bcedfdb6b96a9e0b217c68cfb2dffd7623a6ab5d413a639a0f0cd,0,32,2,dero1qyp3fy4ks8wrhg70z0gjshaw7xgr484afnzrq4rsaxd477fzhkcrvqg6xm2ez
7443480,b412cc8d989bcedfdb6b96a9e0b217c68cfb2dffd7623a6ab5d413a639a0f0cd,0,32,3,dero1qy33spjdlmw60m3z8ep5saqwmshdkgwvs6jpes9sjz6qv6rrvwznqqq88d6ue
7443480,b412cc8d989bcedfdb6b96a9e0b217c68cfb2dffd7623a6ab5d413a639a0f0cd,0,32,4,dero1qygfczgqh65z90kltwpc8l5jfpyhwg2fe47xk885lsvaczqy8xq0qqgzgvc0r
7443480,b412cc8d989bcedfdb6b96a9e0b217c68cfb2dffd7623a6ab5d413a639a0f0cd,0,32,5,dero1qynkcthcsvu5pm58v0hla74k48wdelew8q2agh8wvcg5vgyt393k7qg98rw7l
7443480,b412cc8d989bcedfdb6b96a9e0b217c68cfb2dffd7623a6ab5d413a639a0f0cd,0,32,6,dero1qy0lv48vyx05gzdrgcqs3x490x3y3dyhly4qcmfkvjprwcvcuvk9wqq0p94y7
7443480,b412cc8d989bcedfdb6b96a9e0b217c68cfb2dffd7623a6ab5d413a639a0f0cd,0,32,7,dero1qy99n382gjdu7dejg3j7wa97cuq3e0ez99agfhwshx7vgv929h0nxqgly0lug
7443480,b412cc8d989bcedfdb6b96a9e0b217c68cfb2dffd7623a6ab5d413a639a0f0cd,0,32,8,dero1qy3evtpntllgsjv33mhr2nye5c5rc0gtanwxm7qa5ye8sm4hlw767qqcsdp20
7443480,b412cc8d989bcedfdb6b96a9e0b217c68cfb2dffd7623a6ab5d413a639a0f0cd,0,32,9,dero1qypyng4cytu3q8lus68gare0g87cn6vj793wjgh22r7n82y9n5ksyqgxvjrp0
7443480,b412cc8d989bcedfdb6b96a9e0b217c68cfb2dffd7623a6ab5d413a639a0f0cd,0,32,10,dero1qy5g2jlc52kj2eg89nwu0d75el92qu9cljq0e9dq5r8rnnv2jzgqzqgknfcsg
7443480,b412cc8d989bcedfdb6b96a9e0b217c68cfb2dffd7623a6ab5d413a639a0f0cd,0,32,11,dero1qypjjz95ve00jpnzn8vahtl09fuxfay3aem3394sfn642euqpannjqgjdzfjc
7443480,b412cc8d989bcedfdb6b96a9e0b217c68cfb2dffd7623a6ab5d413a639a0f0cd,0,32,12,dero1qyftzum435pq809x203wyn4s39280peteq0jszvf6plq38602eysjqq35axvs
7443480,b412cc8d989bcedfdb6b96a9e0b217c68cfb2dffd7623a6ab5d413a639a0f0cd,0,32,13,dero1qydrhngzg737078j59usqaunh0c2gsnux4t8phxsnferj6zz3720xqqpm4w63
7443480,b412cc8d989bcedfdb6b96a9e0b217c68cfb2dffd7623a6ab5d413a639a0f0cd,0,32,14,dero1qyw6e4f7yeatwd4swvyktf2m2m084qdj9wgwjce78r4megvtfsa5vqqq7htdr
7443480,b412cc8d989bcedfdb6b96a9e0b217c68cfb2dffd7623a6ab5d413a639a0f0cd,0,32,15,dero1qygev0p2ajzy5h3gk4xrlv5w647q8p489yc3ye6r077tcdurfutm6qgpsqpcv
7443480,b412cc8d989bcedfdb6b96a9e0b217c68cfb2dffd7623a6ab5d413a639a0f0cd,0,32,16,dero1qyke6323mz053fdcgjj0a7yge26emvth7l5fr806f0gf98gg07zmyqg9nrmw2
7443480,b412cc8d989bcedfdb6b96a9e0b217c68cfb2dffd7623a6ab5d413a639a0f0cd,0,32,17,dero1qy3yrz4jjsjv48863um93e5d3zskut70pgjdyj9fypxvpcku2stf2qqk2vyj8
7443480,b412cc8d989bcedfdb6b96a9e0b217c68cfb2dffd7623a6ab5d413a639a0f0cd,0,32,18,dero1qys7dl6rw3cle4v962mamp3t9tvd8mq9v8hyl6hn2r4talhtmj0nyqg3wv4jl
7443480,b412cc8d989bcedfdb6b96a9e0b217c68cfb2dffd7623a6ab5d413a639a0f0cd,0,32,19,dero1qysf3f2qwj3r8k7q55qw6frcc6e57n4tj8pcdxwjz869gd49t6hkuqqq6dhx9
7443480,b412cc8d989bcedfdb6b96a9e0b217c68cfb2dffd7623a6ab5d413a639a0f0cd,0,32,20,dero1qydldxr5grhm04n3gme799898zqs3r043hccsazfvr2dwtmmcssqcqqqgvgr3
7443480,b412cc8d989bcedfdb6b96a9e0b217c68cfb2dffd7623a6ab5d413a639a0f0cd,0,32,21,dero1qy3zxnhjdx24s94a4uzkdp8ecttfmzfckdp425ufcw2nzh3lvu2xkqgsw6gds
7443480,b412cc8d989bcedfdb6b96a9e0b217c68cfb2dffd7623a6ab5d413a639a0f0cd,0,32,22,dero1qys677zy32s0a7t4x9p7yq93p64yhznwg6ntzsqplrm07nvx8vy37qgk85a09
7443480,b412cc8d989bcedfdb6b96a9e0b217c68cfb2dffd7623a6ab5d413a639a0f0cd,0,32,23,dero1qyvg2a2sds4xz73wwqvd84gu090dk0y46w2y7xrnhtwrvwsxxcu47qg5g5gqe
7443480,b412cc8d989bcedfdb6b96a9e0b217c68cfb2dffd7623a6ab5d413a639a0f0cd,0,32,24,dero1qy46wqgpfets0zqy37pzwgqhyejplz4esty3shqr724qkr4en7f7zqqhds9ya
7443480,b412cc8d989bcedfdb6b96a9e0b217c68cfb2dffd7623a6ab5d413a639a0f0cd,0,32,25,dero1qynt8r04ds2c8f2hkf4uhnzvv7f9c0wqnhttxs8ezp2yxuc2qzarkqgaxekag
7443480,b412cc8d989bcedfdb6b96a9e0b217c68cfb2dffd7623a6ab5d413a639a0f0cd,0,32,26,dero1qy04kftrzufv3m0hrklhhdqsrvd8hg3cmns60zhc6scgv0mplawdsqgwxnajy
7443480,b412cc8d989bcedfdb6b96a9e0b217c68cfb2dffd7623a6ab5d413a639a0f0cd,0,32,27,dero1qyf7hze6hdmpjaea323av9zekwrepcl4u2lhzp0pgeehkgsuharjqqqnz5rru
7443480,b412cc8d989bcedfdb6b96a9e0b217c68cfb2dffd7623a6ab5d413a639a0f0cd,0,32,28,dero1qykuqd4p7de5s4edh96mjtu2djfx576yw9nlagdl9djxff8qqy34jqgu6xjxd
7443480,b412cc8d989bcedfdb6b96a9e0b217c68cfb2dffd7623a6ab5d413a639a0f0cd,0,32,29,dero1qyv35hd2g5adwf6cqzedjw9pun472gtxgdszt3j8ekntxg20wl84vqgur5csm
7443480,b412cc8d989bcedfdb6b96a9e0b217c68cfb2dffd7623a6ab5d413a639a0f0cd,0,32,30,dero1qyd6ckmhn0vndq66p3eee500mcge3lahu823pltngz2hfhyeuq7fzqq9xdfvs
7443480,b412cc8d989bcedfdb6b96a9e0b217c68cfb2dffd7623a6ab5d413a639a0f0cd,0,32,31,dero1qytj58su72mencryx4757r62gxzxn9xh9lmqpsq5hqndqtwdsuptzqqweju7e
